source,url,published_date_new_york,original_title,clean_title,original_first_paragraph,clean_first_paragraph
BBC,https://www.bbc.co.uk/sport/football/articles/czekr6kn58po?at_medium=RSS&at_campaign=rss,2026-07-31 19:30:48,Fifa scraps controversial World Cup investment plan,fifa scrap controversial world cup investment plan,Gianni Infantino has been the president of Fifa since February 2016,gianni infantino president fifa since februari
BBC,https://www.bbc.co.uk/news/articles/cx2kp639yx4o?at_medium=RSS&at_campaign=rss,2026-07-31 04:16:06,"Spain's PM blames traffickers after 60,000 migrants reach Ceuta from Morocco",spain pm blame trafficker migrant reach ceuta morocco,"Spain's prime minister has blamed trafficking gangs after about 60,000 migrants crossed into the Spanish North African enclave of Ceuta from Morocco. At least 57 people died during the surge, according to local media.",spain prime minister blam traffick gang migrant cross spanish north african enclave ceuta morocco least people di surge accord local media
BBC,https://www.bbc.co.uk/news/articles/cy74n1n1lnxo?at_medium=RSS&at_campaign=rss,2026-07-31 18:10:35,Labour's Bev Craig elected Greater Manchester mayor,labour bev craig elect greater manchester mayor,Bev Craig said she felt humbled to be elected as Greater Manchester's mayor,bev craig said felt humble elect greater manchester mayor
BBC,https://www.bbc.co.uk/news/articles/ce973re9404o?at_medium=RSS&at_campaign=rss,2026-07-31 18:46:44,Police release Nancy Guthrie ransom notes in latest bid to find kidnappers,police release nanci guthrie ransom note latest bid find kidnapper,"Nancy Guthrie (left) is the mother of Savannah Guthrie (right), one of the most recognisable TV presenters in the US",nanci guthrie left mother savannah guthrie right one recognisable tv presenter us
BBC,https://www.bbc.co.uk/news/articles/cly8r2p27lzo?at_medium=RSS&at_campaign=rss,2026-07-31 12:39:23,How Sam Fender and Olivia Dean's Rein Me In broke the UK's singles chart record,sam fender olivia dean rein broke uk single chart record,"It's a song that has become inescapable, whether you're scrolling on TikTok, listening to the radio or even filling up your trolley on the weekly shop.",song become inescapable whether youre scroll tiktok listen radio even fill trollei weekli shop
BBC,https://www.bbc.co.uk/news/articles/czrxepy3vn3o?at_medium=RSS&at_campaign=rss,2026-07-31 19:43:10,Scientist's lifelong obsession with mystery of elusive 'pink zebra' seaweed,scientist lifelong obsession mysteri elusive pink zebra seawee,Scientist's lifelong obsession with mystery of elusive 'pink zebra' seaweed,scientist lifelong obsession mysteri elusive pink zebra seawee
BBC,https://www.bbc.co.uk/news/articles/cr49w13w9d0o?at_medium=RSS&at_campaign=rss,2026-07-31 20:55:15,Victims of disgraced funeral boss demand industry regulation,victim disgrac funeral boss demand industri regulation,Relatives of the victims of Robert Bush call for funeral industry regulation outside his sentencing hearing at Hull Crown Court,relative victim robert bush call funeral industri regulation outside sentenc hear hull crown court
BBC,https://www.bbc.co.uk/news/articles/c80nkgdnl4no?at_medium=RSS&at_campaign=rss,2026-07-31 19:41:10,Death row inmates desperate to escape execution in Saudi Arabia call the BBC,death row inmate desperate escape execution saudi arabia call bbc,Some Ethiopian inmates got hold of the number for the BBC Tigrinya service and called from a prison phone to tell their stories,ethiopian inmate got hold number bbc tigrinya service call prison phone tell stori
BBC,https://www.bbc.co.uk/news/articles/cz05yx5dd7yo?at_medium=RSS&at_campaign=rss,2026-07-31 18:45:20,Trump administration drops Reflecting Pool vandalism charge and admits 'botched' repairs,trump administration drop reflect pool vandalism charge admit botch repair,"US prosecutors have dropped charges against a former Olympian who had been accused of vandalising the Reflecting Pool in Washington DC, writing in court documents that the damage is now believed to be ""the result of flawed installation by the contractor"".",us prosecutor drop charge former olympian accus vandalis reflect pool washington dc writ court document damage now believ result flaw installation contractor
BBC,https://www.bbc.co.uk/news/articles/c77g6dm5pr8o?at_medium=RSS&at_campaign=rss,2026-07-31 17:57:59,Snapchat joins other popular platforms in fight against 'AI slop',snapchat join popular platform fight ai slop,"Snapchat has joined the likes of YouTube, LinkedIn and Substack in a growing effort  to combat fake writing, images and videos that are entirely created by artificial intelligence (AI) tools.",snapchat join like youtube linkedin substack grow effort combat fake writ image video entireli create artificial intelligence ai tool
BBC,https://www.bbc.co.uk/sport/football/articles/c998m4ve0rpo?at_medium=RSS&at_campaign=rss,2026-07-31 15:22:15,Infantino on the brink? Who might replace him if he goes?,infantino brink might replace goe,Fifa president Gianni Infantino arrives for the World Cup final on 19 July,fifa president gianni infantino arrive world cup final juli
BBC,https://www.bbc.co.uk/news/articles/c4gd82vvvdno?at_medium=RSS&at_campaign=rss,2026-07-31 19:42:03,"He bought a fitness supplement online to bulk up, but ended up losing his mind",bought fitness supplement online bulk end los mind,Daniel Murphy went from being a loving husband to a man who believed his family wanted to kill him,daniel murphi went lov husband man believ famili want kill
BBC,https://www.bbc.co.uk/news/articles/cdrvkzdpynyo?at_medium=RSS&at_campaign=rss,2026-07-31 19:49:00,'Spanish border crisis' and 'iron chancellor',spanish border crisi iron chancellor,"The crossing of 60,000 migrants into the Spanish North African enclave of Ceuta from Morocco is featured prominently across Saturday's papers. The Daily Express says the crisis should be a ""wake-up call"" for the UK, quoting shadow Home Office minister Katie Lam's warning to Prime Minister Andy Burnham.",cross migrant spanish north african enclave ceuta morocco featur prominentli across saturdai paper daili express sai crisi wakeup call uk quot shadow home office minister katie lam warn prime minister andi burnham
BBC,https://www.bbc.co.uk/news/articles/cly5nvj2d2jo?at_medium=RSS&at_campaign=rss,2026-07-31 19:02:20,Who is Greater Manchester's new Mayor Bev Craig?,greater manchester new mayor bev craig,Bev Craig has been elected as the new mayor of Greater Manchester,bev craig elect new mayor greater manchester
BBC,https://www.bbc.co.uk/news/articles/cx2rv3899g8o?at_medium=RSS&at_campaign=rss,2026-07-31 21:04:30,I was working to survive and I wasn't paid,work survive wasnt paid,Watch: Three people who say they are owed wages tell the BBC about their experiences,watch three people sai ow wage tell bbc experience
BBC,https://www.bbc.co.uk/news/articles/c8rnpxyj762o?at_medium=RSS&at_campaign=rss,2026-07-31 19:56:55,British girl band FLO 'want it all' - and they're confident they will get it,british girl band flo want theyre confident will get,FLO won Best R&B/Soul Act at the 2026 MOBO Awards and received their first Grammy nomination this year,flo won best rbsoul act mobo award receiv first grammi nomination year
BBC,https://www.bbc.co.uk/news/articles/ce97xg0zgp7o?at_medium=RSS&at_campaign=rss,2026-07-31 21:08:45,CPS to target assets of jailed funeral director,cp target asset jail funeral director,"A disgraced funeral director's bank accounts and assets have been frozen, as prosecutors seek to recover cash fleeced from his victims.",disgrac funeral director bank account asset frozen prosecutor seek recover cash fleec victim
BBC,https://www.bbc.co.uk/news/articles/ce973yvk7pko?at_medium=RSS&at_campaign=rss,2026-07-31 22:55:08,"Russian strikes on Kyiv kill at least four, Ukraine officials say",russian strike kyiv kill least four ukraine official sai,Firefighters work at the site of an apartment building hit by a Russian missile strike in Kyiv early on Saturday,firefighter work site apartment build hit russian missile strike kyiv earli saturdai
BBC,https://www.bbc.co.uk/news/articles/cpw9q0ekd9eo?at_medium=RSS&at_campaign=rss,2026-07-31 19:42:32,How police in US are using the power of podcasts to crack unsolved murders,police us us power podcast crack unsolv murder,"Peter Chadwick had been on the run for nearly four years, charged with murdering his wife, when California police launched a podcast about the crime.",peter chadwick run nearli four year charg murder wife california police launch podcast crime
BBC,https://www.bbc.co.uk/news/articles/c5y62pe9g3no?at_medium=RSS&at_campaign=rss,2026-07-31 17:09:39,Greyhounds bound for Australia as New Zealand racing ban takes effect,greyhound bound australia new zealand rac ban take effect,"New Zealand has outlawed greyhound racing, but neighbouring Australia has not",new zealand outlaw greyhound rac neighbour australia
BBC,https://www.bbc.co.uk/news/articles/cq89757z9vyo?at_medium=RSS&at_campaign=rss,2026-07-31 12:08:12,Parents sue school over 'inhumane' calming rooms after BBC report,parent sue school inhumane calm room bbc report,The BBC investigation began after being shown footage of children in calming rooms at Whitefield School in north London,bbc investigation began shown footage children calm room whitefield school north london
BBC,https://www.bbc.co.uk/news/articles/cwyle421806o?at_medium=RSS&at_campaign=rss,2026-07-31 05:20:09,Massive Attack banned from Singapore after pro-Palestine display at show,massive attack ban singapore propalestine displai show,Robert Del Naja is one of the band members of Massive Attack (file picture),robert del naja one band member massive attack file picture
BBC,https://www.bbc.co.uk/news/10628994?at_medium=RSS&at_campaign=rss,2025-04-30 10:04:28,The BBC News app keeps you informed with live and breaking news you can trust,bbc new app keep inform live break new can trust,"With the latest news and analysis from our journalists around the world and the unique human stories behind current events, we've got the best of our journalism in one place on the BBC News app.",latest new analysi journalist around world unique human stori behind current event weve got best journalism one place bbc new app
BBC,https://www.bbc.co.uk/sounds/play/p0p1380w?at_medium=RSS&at_campaign=rss,,Is The World Cup For Sale?,world cup sale,"Today, an almighty bust up is happening in the world of football between Fifa and Uefa.",todai almighti bust happen world football fifa uefa
BBC,https://www.bbc.co.uk/sounds/play/w3ct8lzf?at_medium=RSS&at_campaign=rss,,The Democrats need to win Michigan… so why is it splitting the party?,democrat need win michigan… split parti,"The Democrats almost certainly need to win the Senate race in Michigan if they are to take control of Congress in November’s midterm elections but picking a candidate is exposing a stark choice for the party. Next week party members in the state will decide between a left wing candidate backed by Bernie Sanders and Alexandria Ocasio-Cortez, and a centrist candidate backed by establishment Democrats like Gretchen Whitmer.",democrat almost certainli need win senate race michigan take control congress november’ midterm election pick candidate expos stark choice parti next week parti member state will decide left wing candidate back bernie sander alexandria ocasiocortez centrist candidate back establishment democrat like gretchen whitmer
BBC,https://www.bbc.co.uk/sport/football/articles/cvg8pvr8e8go?at_medium=RSS&at_campaign=rss,2026-07-31 11:00:41,Mudryk free to play after doping ban case resolved,mudryk free plai dop ban case resolv,Mykhailo Mudryk joined Chelsea for an initial 70m euros (£61m) in January 2023,mykhailo mudryk join chelsea initial m euro £m januari
BBC,https://www.bbc.co.uk/sport/football/articles/c74gdn2w3d7o?at_medium=RSS&at_campaign=rss,2026-07-31 11:35:56,Newcastle confirm Howe resignation as head coach,newcastle confirm howe resignation head coach,Eddie Howe has stepped down as head coach of Newcastle United .,eddie howe step head coach newcastle unit
BBC,https://www.bbc.co.uk/news/articles/c2dkje4p4klo?at_medium=RSS&at_campaign=rss,2026-07-31 11:18:31,"Bowen: Plan for Hamas to disarm faces big obstacles, yet it offers rare hope for Gaza",bowen plan hama disarm face big obstacle yet offer rare hope gaza,"At the same time, it is potentially a rare chink of light in a bleak picture. Hamas has never agreed to disarm before now. Handled carefully and well, there is a chance now to make diplomatic progress.",time potentialli rare chink light bleak picture hama never agree disarm now handl carefulli well chance now make diplomatic progress
BBC,https://www.bbc.co.uk/news/articles/cddjz1r01l8o?at_medium=RSS&at_campaign=rss,2026-07-30 19:00:07,Body of US climber the latest recovered after Pakistan avalanche,bodi us climber latest recover pakistan avalanche,"The remains of US climber Mallory Geis have been found by rescuers following an avalanche on one of the world's highest mountains, a local government body says.",remain us climber mallori gei found rescuer follow avalanche one world highest mountain local government bodi sai
BBC,https://www.bbc.co.uk/news/articles/cx2j9nj88rro?at_medium=RSS&at_campaign=rss,2026-07-31 06:32:17,Peru's ex-president leaves jail after 15-year jail term for corruption overturned,peru expresident leave jail year jail term corruption overturn,Former Peruvian President Ollanta Humala speaks with the media after his release from jail,former peruvian president ollanta humala speak media release jail
BBC,https://www.bbc.co.uk/news/articles/c0kmzx8vpv4o?at_medium=RSS&at_campaign=rss,2026-07-31 10:26:07,Hundreds escape Greek wildfire by sea as blazes continue across Europe,hundr escape greek wildfire sea blaze continue across europe,Hundreds of people in central Greece are being evacuated by sea after the coastal town they were in became hemmed in by one of the many wildfires raging across the country.,hundr people central greece evacuate sea coastal town became hem one mani wildfire rag across countri
BBC,https://www.bbc.co.uk/sport/football/articles/c79glnx1y55o?at_medium=RSS&at_campaign=rss,2026-07-31 00:17:06,Fifa says 'nobody selling football' as plan continues,fifa sai nobodi sell football plan continue,"Fifa says that ""nobody is selling football"" as it vowed to continue with the controversial plan to sell stakes in its competitions to private investors.",fifa sai nobodi sell football vow continue controversial plan sell stake competition private investor
BBC,https://www.bbc.co.uk/news/articles/crrv7vk0knro?at_medium=RSS&at_campaign=rss,2026-07-31 00:26:20,UK rapper Yung Filly found not guilty of raping woman after Australian show,uk rapper yung filli found guilti rap woman australian show,UK rapper Yung Filly found not guilty of raping Australian woman,uk rapper yung filli found guilti rap australian woman
BBC,https://www.bbc.co.uk/news/articles/cg4drwzkrkxo?at_medium=RSS&at_campaign=rss,2026-07-30 13:19:27,Spain sending troops as thousands enter enclave of Ceuta from Morocco,spain send troop thousand enter enclave ceuta morocco,Spain is sending troops to bolster security in its North African enclave of Ceuta after thousands of migrants swam from Morocco into the territory on Thursday.,spain send troop bolster securiti north african enclave ceuta thousand migrant swam morocco territori thursdai
BBC,https://www.bbc.co.uk/sport/football/articles/c5y67zrrdddo?at_medium=RSS&at_campaign=rss,2026-07-30 11:10:25,Uefa to boycott World Cups if Fifa plans approved,uefa boycott world cup fifa plan approv,Winners Spain were one of six European teams to reach the quarter-finals of this summer's World Cup,winner spain one six european team reach quarterfinal summer world cup
BBC,https://www.bbc.co.uk/news/articles/cwymkgenv2ro?at_medium=RSS&at_campaign=rss,2026-07-30 05:05:21,Missile that left crater deep inside Poland was probably Russian - Polish PM,missile left crater deep inside poland probabli russian polish pm,The missile landed close to the village of Tarnawa Kolonia deep inside Polish territory,missile land close village tarnawa kolonia deep inside polish territori
BBC,https://www.bbc.co.uk/news/articles/c78g4y18rxgo?at_medium=RSS&at_campaign=rss,2026-07-30 13:33:41,Father of teen school shooter sentenced to 15 years in prison,father teen school shooter sentenc year prison,"The father of a teenage boy who shot and killed four people at a high school in the US state of Georgia has been sentenced to 15 years in prison for murder, manslaughter and other charges.",father teenage boi shot kill four people high school us state georgia sentenc year prison murder manslaughter charge
BBC,https://www.bbc.co.uk/news/articles/cp9e0v5xmdyo?at_medium=RSS&at_campaign=rss,2026-07-30 08:14:00,"Cyanide in tomato pesticide killed 15 elephants, Kenyan officials suspect",cyanide tomato pesticide kill elephant kenyan official suspect,"It is estimated that more than 2,000 elephants roam in and around Amboseli National Park",estimate elephant roam around amboseli national park
BBC,https://www.bbc.co.uk/news/articles/c0m78k3k31jo?at_medium=RSS&at_campaign=rss,2026-07-30 06:34:07,Nicaraguan leader proposes extending presidential term by another year,nicaraguan leader propose extend presidential term another year,"Nicaraguan President Daniel Ortega, who has been in power since 2007, has proposed extending the presidential term by another year.",nicaraguan president daniel ortega power since propos extend presidential term another year
BBC,https://www.bbc.co.uk/news/articles/c0m78xl1k2po?at_medium=RSS&at_campaign=rss,2026-07-30 03:12:19,"Veteran Ugandan opposition leader collapses in court and in ICU, his wife says",veteran ugandan opposition leader collapse court icu wife sai,"Ugandan opposition leader Kizza Besigye has been admitted to an intensive care unit (ICU) in the capital, Kampala, after collapsing and losing consciousness during his treason trial, his wife has said.",ugandan opposition leader kizza besigye admit intensive care unit icu capital kampala collaps los consciousness treason trial wife said
BBC,https://www.bbc.co.uk/news/articles/crmrv4pnexmo?at_medium=RSS&at_campaign=rss,2026-07-29 22:46:32,Australia takes Telegram to court over alleged failure to remove 'pro-terror' material,australia take telegram court alleg failure remove proterror material,Julie Inman Grant has launched legal action against social media platform Telegram,julie inman grant launch legal action social media platform telegram
BBC,https://www.bbc.co.uk/news/articles/crrvqjw8epko?at_medium=RSS&at_campaign=rss,2026-07-29 22:54:54,Singapore fines French teen $465 for viral straw-licking stunt,singapore fine french teen viral strawlick stunt,"Didier Gaspard Owen Maximilien is 'truly sorry' for causing trouble, his lawyer says",didier gaspard owen maximilien truli sorri caus trouble lawyer sai
BBC,https://www.bbc.co.uk/news/videos/cly8xzmwpvmo?at_medium=RSS&at_campaign=rss,2026-07-29 18:23:08,Worth $5m? Visitors react to renovated Washington horse statues,worth m visitor react renovate washington horse statue,The Trump Administration has regilded the Arts of War statues near the Lincoln Memorial in Washington DC with 23.75-karat gold. The project cost $5.1m according to federal records.,trump administration regild art war statue near lincoln memorial washington dc karat gold project cost m accord federal record
BBC,https://www.bbc.co.uk/news/articles/cd7lg2nz2x2o?at_medium=RSS&at_campaign=rss,2026-07-29 01:00:07,Four women accuse Jared Leto of criminal sexual conduct,four women accuse jar leto criminal sexual conduct,Watch: Four women accuse Jared Leto of criminal sexual conduct,watch four women accuse jar leto criminal sexual conduct
BBC,https://www.bbc.co.uk/news/articles/c86ng1g5wy4o?at_medium=RSS&at_campaign=rss,2026-07-29 18:13:39,Salman Rushdie attacker convicted of terror offences,salman rushdie attacker convict terror offence,"A US man who is already serving 25 years in prison for attempting to kill Sir Salman Rushdie has been convicted of additional charges, including providing material support to a terrorist group.",us man alreadi serv year prison attempt kill sir salman rushdie convict additional charge includ provid material support terrorist group
BBC,https://www.bbc.co.uk/news/articles/c3ekn9d37qvo?at_medium=RSS&at_campaign=rss,2026-07-29 07:06:52,Oscar-winning songwriter Glen Hansard killed in crash,oscarwin songwriter glen hansard kill crash,Glen Hansard was the lead singer of The Frames and an Oscar-winning songwriter,glen hansard lead singer frame oscarwin songwriter
BBC,https://www.bbc.co.uk/news/articles/c20e94k2ex5o?at_medium=RSS&at_campaign=rss,2026-07-31 12:00:56,What's in the Gaza peace deal roadmap?,what gaza peace deal roadmap,"Hamas says it has accepted a disarmament plan for Gaza which will see it lay down its arms - a decision US President Donald Trump has described as ""a monumental step toward lasting peace and security"".",hama sai accept disarmament plan gaza will see lai arm decision us president donald trump describ monumental step toward last peace securiti
BBC,https://www.bbc.co.uk/news/articles/c8x274xxxpwo?at_medium=RSS&at_campaign=rss,2026-07-30 18:04:09,India wants to join the strawberry superpowers,india want join strawberri superpower,"In the west of India, the mountainous region of Mahabaleshwar is home to most of India's strawberry farms.",west india mountainou region mahabaleshwar home india strawberri farm
BBC,https://www.bbc.co.uk/sport/football/articles/c9984d9x1eyo?at_medium=RSS&at_campaign=rss,2026-07-30 17:40:21,Is Infantino finished? Could Uefa boycott World Cup? What happens now?,infantino finish uefa boycott world cup happen now,Uefa president Aleksander Ceferin (left) has been firmly against many changes driven by Fifa counterpart Gianni Infantino (right),uefa president aleksander ceferin left firmli mani change driven fifa counterpart gianni infantino right
BBC,https://www.bbc.co.uk/news/articles/clyx83l8jv8o?at_medium=RSS&at_campaign=rss,2026-07-29 14:41:31,Saudi Arabia's dilemma as it tries to stay out of US-Iran war,saudi arabia dilemma tri stai usiran war,Saudi Arabia's Crown Prince has embarked the country on a course known as Vision 2030,saudi arabia crown prince embark countri course known vision
BBC,https://www.bbc.co.uk/news/articles/c62q5we799ro?at_medium=RSS&at_campaign=rss,2026-07-29 12:27:51,"'It's our home, it's our forest': BBC speaks to locals fighting France wildfire",home forest bbc speak local fight france wildfire,The aerial cavalry of three Canadair aircraft flying overhead look as impressive as they sound.,aerial cavalri three canadair aircraft fly overhead look impressive sound
BBC,https://www.bbc.co.uk/news/articles/c0km3d2j6mko?at_medium=RSS&at_campaign=rss,2026-07-29 16:21:46,Zendaya on working with Tom Holland in Spider-Man: ‘When you’re best friends it’s easy’,zendaya work tom holland spiderman ‘when you’re best friend it’ easy’,Hollywood power couple Tom Holland and Zendaya have been dominating red carpets all summer.,hollywood power couple tom holland zendaya dominate red carpet summer
BBC,https://www.bbc.co.uk/news/articles/c0jl8v23qwgo?at_medium=RSS&at_campaign=rss,2026-07-29 18:08:29,The Chinese robot army transforming the UK's retail industry,chinese robot armi transform uk retail industri,Two thousand Geek+ robots are deployed across 10 sites in the UK,two thousand geek robot deploi across site uk
BBC,https://www.bbc.co.uk/news/articles/c1m1gz1nx45o?at_medium=RSS&at_campaign=rss,2026-07-29 18:50:14,India's CJP protests: Why tech alone won't stop exam paper leaks,india cjp protest tech alone wont stop exam paper leak,There were countrywide protests against question paper leaks in July,countrywide protest question paper leak juli
BBC,https://www.bbc.co.uk/news/videos/c171nnql1j4o?at_medium=RSS&at_campaign=rss,2026-07-31 14:29:04,What triggered the mass migrant crossings into Ceuta?,trigger mass migrant cross ceuta,"Over the last 24 hours, the tiny Spanish territory of Ceuta - home to around 83,000 people - has seen an unprecedented surge in migrant arrivals.",last hour tini spanish territori ceuta home around people seen unprecedent surge migrant arrival
BBC,https://www.bbc.co.uk/news/videos/cnvnml1pen6o?at_medium=RSS&at_campaign=rss,2026-07-31 11:48:34,Watch: Tens of thousands of migrants enter Spain's Ceuta from Morocco,watch ten thousand migrant enter spain ceuta morocco,"Tens of thousands of migrants have entered Spain's North African enclave of Ceuta, with many swimming and using inflatables to travel from Morocco.",ten thousand migrant enter spain north african enclave ceuta mani swim us inflatable travel morocco
BBC,https://www.bbc.co.uk/news/videos/cdx7lg950gdo?at_medium=RSS&at_campaign=rss,2026-07-30 06:54:36,Watch: Giant iceberg turns over near  Greenland's coast,watch giant iceberg turn near greenland coast,"A massive iceberg was seen turning over off the coast of Greenland, near Ilulissat.",massive iceberg seen turn coast greenland near ilulissat
BBC,https://www.bbc.co.uk/news/articles/cn9n2v3lwr0o?at_medium=RSS&at_campaign=rss,2026-07-31 08:19:20,Passenger on British Airways mayday flight describes fear and shout of 'I don't want to die',passenger british airwai maydai flight describe fear shout dont want die,Edward said there were several fire trucks on the tarmac when the plane landed,edward said several fire truck tarmac plane land
BBC,https://www.bbc.co.uk/news/articles/cr7k49xjzzeo?at_medium=RSS&at_campaign=rss,2026-07-31 14:10:28,"AI firms must answer for rogue bots, says boss of hacked company",ai firm must answer rogue bot sai boss hack compani,The boss of one of the companies recently hacked by out-of-control artificial intelligence (AI) says bot makers must be accountable for cyber attacks carried out by their creations.,boss one compani recentli hack outofcontrol artificial intelligence ai sai bot maker must accountable cyber attack carri creation
BBC,https://www.bbc.co.uk/news/articles/cpw9yrl4p2qo?at_medium=RSS&at_campaign=rss,2026-07-31 02:50:41,Sainsbury's agrees to sell Argos for £120m,sainsburi agree sell argo £m,Sainsbury's has agreed to sell Argos for £120m after a long process of trying to offload it as the supermarket chain aims to focus on its main food business.,sainsburi agree sell argo £m long process try offload supermarket chain aim focu main food business
BBC,https://www.bbc.co.uk/news/articles/c20zgjzz0e4o?at_medium=RSS&at_campaign=rss,2026-03-02 08:11:59,UK petrol prices hit highest level since Iran war began,uk petrol price hit highest level since iran war began,UK petrol prices have risen to their highest level since the beginning of the Iran war as the conflict continues to hit drivers' finances.,uk petrol price risen highest level since begin iran war conflict continue hit driver finance
BBC,https://www.bbc.co.uk/news/articles/cj4kvge1pyvo?at_medium=RSS&at_campaign=rss,2026-07-30 19:05:41,'I pay £580 a month to live in a disused care home': Property guardians show us around,pai £ month live disus care home properti guardian show us around,"Would you live in a disused care home, pub or bank in exchange for a heavily discounted rent?",live disus care home pub bank exchange heavili discount rent
BBC,https://www.bbc.co.uk/news/articles/c62q7w003lro?at_medium=RSS&at_campaign=rss,2026-07-31 03:48:47,BP puts North Sea business up for sale,bp put north sea business sale,BP has said it is putting its North Sea business up for sale in a move that would end 60 years of production in the region by the oil giant.,bp said put north sea business sale move end year production region oil giant
BBC,https://www.bbc.co.uk/news/articles/c04kd3gl1gpo?at_medium=RSS&at_campaign=rss,2026-07-30 19:06:37,Thames Water boss says leakage targets 'not realistic',thame water boss sai leakage target realistic,Watch: Simon Jack presses Thames Water boss on pollution targets,watch simon jack press thame water boss pollution target
BBC,https://www.bbc.co.uk/news/articles/cp87m46g392o?at_medium=RSS&at_campaign=rss,2026-07-30 21:31:50,Amazon and Apple just told us more about their AI plans - here are three things we learned,amazon apple just told us ai plan three thing learn,"Leaders of tech companies Meta, Amazon and Google all reported quarterly financial results in in recent days",leader tech compani meta amazon google report quarterli financial result recent dai
BBC,https://www.bbc.co.uk/news/articles/c4gdzlzprv1o?at_medium=RSS&at_campaign=rss,2026-07-31 01:32:47,South Korean shares soar after chip stock rout,south korean share soar chip stock rout,"Share prices jumped in South Korea on Friday, partly reversing a three-day rout that wiped hundreds of billions of dollars off the value of the country's stock market.",share price jump south korea fridai partli revers threedai rout wip hundr billion dollar value countri stock market
BBC,https://www.bbc.co.uk/news/articles/c4g3eyg60e0o?at_medium=RSS&at_campaign=rss,2026-07-30 17:32:09,Andy Burnham to give regional mayors share of income tax,andi burnham give regional mayor share income tax,Burnham held his first meeting at No 10 North in Manchester last week,burnham held first meet north manchester last week
BBC,https://www.bbc.co.uk/news/articles/cp8e6m4rndgo?at_medium=RSS&at_campaign=rss,2026-07-29 19:01:56,Bank holds interest rates but says it is ready to raise them if Iran war escalates,bank hold interest rate sai readi raise iran war escalate,The Bank of England has kept interest rates unchanged for the fifth meeting in a row but has indicated it could raise them if the Iran war escalates.,bank england kept interest rate unchang fifth meet row indicate raise iran war escalate
BBC,https://www.bbc.co.uk/news/articles/cn8n1knkkz9o?at_medium=RSS&at_campaign=rss,2026-07-30 13:34:26,British Airways flight called mayday on approach to Heathrow,british airwai flight call maydai approach heathrow,"A British Airways flight issued a ""mayday"" distress call on its approach to Heathrow Airport earlier this month, according to a statement from France's accident investigation authority.",british airwai flight issu maydai distress call approach heathrow airport earlier month accord statement france accident investigation authoriti
BBC,https://www.bbc.co.uk/news/articles/cq6dmjv1jpdo?at_medium=RSS&at_campaign=rss,2026-07-30 09:47:03,Hundreds of jobs to go at Jaguar Land Rover,hundr job go jaguar land rover,"Jaguar Land Rover said it expected ""less than 300 colleagues"" to leave the firm after launching a ""limited redeployment and displacement programme""",jaguar land rover said expect less colleague leave firm launch limit redeployment displacement programme
BBC,https://www.bbc.co.uk/news/articles/c70gr75xzg5o?at_medium=RSS&at_campaign=rss,2026-07-30 12:19:08,Burnham says he told Trump UK will be pragmatic about North Sea oil,burnham sai told trump uk will pragmatic north sea oil,"Prime Minister Andy Burnham has said he told US President Donald Trump he would take a ""pragmatic approach"" to the issue of North Sea oil and gas.",prime minister andi burnham said told us president donald trump take pragmatic approach issue north sea oil ga
BBC,https://www.bbc.co.uk/news/articles/cd0xvrmlx2eo?at_medium=RSS&at_campaign=rss,2026-07-30 08:50:25,US economic growth sees surprise slowdown in second quarter,us economic growth see surprise slowdown second quarter,"There was a surprise slowdown in US economic growth in the three months to June despite an increase in consumer spending, according to official figures.",surprise slowdown us economic growth three month june despite increase consumer spend accord official figure
BBC,https://www.bbc.co.uk/news/articles/cpq8n45r5e8o?at_medium=RSS&at_campaign=rss,2026-07-30 03:00:42,Shell profits double as oil prices rise due to Iran war,shell profit double oil price rise due iran war,Shell's profits for the second quarter of the year have more than doubled after the Iran war pushed up oil prices.,shell profit second quarter year double iran war push oil price
BBC,https://www.bbc.co.uk/news/articles/c4g4dkr40deo?at_medium=RSS&at_campaign=rss,2026-07-30 04:47:07,"Virtual interviews don't show bosses your personality, says Burnham",virtual interview dont show boss personaliti sai burnham,"Bosses should not rely so heavily on virtual job interviews when hiring as they don't capture candidates' personality and passion, Andy Burnham has said.",boss reli heavili virtual job interview hir dont capture candidate personaliti passion andi burnham said
BBC,https://www.bbc.co.uk/news/articles/c8jngmk93p9o?at_medium=RSS&at_campaign=rss,2026-07-29 19:02:13,Beauty Pie founder on how she dropped out of university and built five beauty businesses,beauti pie founder drop universiti built five beauti business,The name Marcia Kilgore might not be instantly recognisable but her Beauty Pie brand is known the world over for being an industry game-changer with its online-only subscription model.,name marcia kilgore might instantli recognisable beauti pie brand known world industri gamechanger onlineonli subscription model
BBC,https://www.bbc.co.uk/news/videos/ckg4jxwkn2lo?at_medium=RSS&at_campaign=rss,2026-07-29 12:00:24,What happens here has a big impact on your money,happen big impact monei,"What happens here has a big impact on your money. Video, 00:01:02 What happens here has a big impact on your money",happen big impact monei video happen big impact monei
BBC,https://www.bbc.co.uk/news/articles/ckgd31l5yrdo?at_medium=RSS&at_campaign=rss,2026-07-29 17:29:17,Meta shares fall as frustration grows over AI spending plans,meta share fall frustration grow ai spend plan,Meta CEO Mark Zuckerberg has turned the company into a major spender on AI,meta ceo mark zuckerberg turn compani major spender ai
BBC,https://www.bbc.co.uk/news/articles/crl70x0nxr9o?at_medium=RSS&at_campaign=rss,2026-07-29 20:52:12,Burnham says nuclear sub investment will protect UK and boost jobs,burnham sai nuclear sub investment will protect uk boost job,"Ongoing investment in nuclear submarines will ""protect Britain for decades to come"" but also support 47,000 jobs and apprenticeships, Andy Burnham has said.",ongo investment nuclear submarine will protect britain decade come also support job apprenticeship andi burnham said
BBC,https://www.bbc.co.uk/news/articles/cy07wgqjv08o?at_medium=RSS&at_campaign=rss,2026-07-29 14:02:02,"'No magic wand' to tackle high prices, Fed boss says as US interest rates held",magic wand tackle high price fed boss sai us interest rate held,"The boss of the Federal Reserve said there is no ""magic wand"" to ease the cost of living for Americans as it held interest rates steady for the fifth time in a row.",boss federal reserve said magic wand ease cost liv american held interest rate steadi fifth time row
BBC,https://www.bbc.co.uk/news/articles/c62qz2geq93o?at_medium=RSS&at_campaign=rss,2026-07-29 01:18:49,How cow showers and fans help farmers keep cattle cool,cow shower fan help farmer keep cattle cool,Cows at a dairy farm near Chippenham are doused with cool water to beat the heat,cow dairi farm near chippenham dous cool water beat heat
BBC,https://www.bbc.co.uk/news/articles/c20yz9v1llro?at_medium=RSS&at_campaign=rss,2026-07-20 18:00:41,The 20-somethings betting big on tech stocks,someth bet big tech stock,"In her teens, Michelle Huynh, the eldest daughter of migrant parents in Australia, made a promise to her family that she would become a millionaire by the time she turned 30.",teen michelle huynh eldest daughter migrant parent australia made promise famili become millionaire time turn
BBC,https://www.bbc.co.uk/news/articles/c0kyml1zxz4o?at_medium=RSS&at_campaign=rss,2026-07-19 19:18:03,This farmer wanted to quit the cocaine industry - he couldn't,farmer want quit cocaine industri couldnt,Coca farmer Perea says he has not had the financial support required to stop growing the crop,coca farmer perea sai financial support requir stop grow crop
BBC,https://www.bbc.co.uk/news/articles/cy8wlplellvo?at_medium=RSS&at_campaign=rss,2026-07-13 19:04:58,Is tracking your food purchases good for your health?,track food purchase good health,"With a packet of biscuits in one hand and her smartphone in the other in the biscuits sucrées aisle of her local Hyper U supermarket west of Paris, Nathalie sees red. Literally.",packet biscuit one hand smartphone biscuit sucrée aisle local hyper u supermarket west pari nathalie see red literalli
BBC,https://www.bbc.co.uk/news/articles/cwydz60j3eno?at_medium=RSS&at_campaign=rss,2026-07-12 19:29:06,New era for Gibraltar with removal of 118-year-old border controls with Spain,new era gibraltar removal yearold border control spain,"Shilpi Chotrani, who commutes from Spain to Gibraltar every day, can't wait for the removal of the border",shilpi chotrani commute spain gibraltar everi dai cant wait removal border
BBC,https://www.bbc.co.uk/news/articles/c9q29j47v9ro?at_medium=RSS&at_campaign=rss,2026-07-08 19:11:35,Wealthy AI workers send San Francisco house prices soaring,wealthi ai worker send san francisco house price soar,"The top half of the house in the middle, a three-bedroom apartment, was on sale for almost $3m",top half house middle threebedroom apartment sale almost m
BBC,https://www.bbc.co.uk/news/articles/c4gymkg9lr2o?at_medium=RSS&at_campaign=rss,2026-07-06 19:48:55,Robots available for rent: But what can they do?,robot available rent can,"In hospitals across the US, patients and staff have become accustomed to seeing a one-armed, four-foot high, friendly-looking white robot going about its business.",hospital across us patient staff become accustom se onearm fourfoot high friendlylook white robot go business
BBC,https://www.bbc.co.uk/news/articles/cj6gr0xkyr3o?at_medium=RSS&at_campaign=rss,2026-07-02 19:02:09,AI is 'not smart' so what's next in artificial intelligence?,ai smart what next artificial intelligence,"Yann LeCun, founder of AMI Labs, is developing a new AI system",yann lecun founder ami lab develop new ai system
BBC,https://www.bbc.co.uk/news/articles/cz97kq48pw7o?at_medium=RSS&at_campaign=rss,2026-07-31 01:26:00,"Hospital parking hike adds stress, patients say",hospital park hike add stress patient sai,The trust uses automatic number plate recognition to track the length of time cars are parked,trust use automatic number plate recognition track length time car park
BBC,https://www.bbc.co.uk/news/articles/c3v05z7793vo?at_medium=RSS&at_campaign=rss,2026-07-31 01:04:07,Group's mission to appreciate every piece of food,group mission appreciate everi piece food,Devon farmer Lloyd Stone donates food such as courgettes to Food in Community,devon farmer lloyd stone donate food courgette food communiti
BBC,https://www.bbc.co.uk/news/articles/cr5pp1m6z06o?at_medium=RSS&at_campaign=rss,2026-05-28 02:44:47,The £5 coffee that tells a story of global economic turmoil,£ coffee tell stori global economic turmoil,"It's 9am at Kew Bridge in west London, and tourists, runners and dog walkers are queuing up at the Dear Coco vintage Italian coffee cart.",kew bridge west london tourist runner dog walker queu dear coco vintage italian coffee cart
BBC,https://www.bbc.co.uk/videos/cr47gvdk9n3o?at_medium=RSS&at_campaign=rss,2026-07-29 03:23:40,1975: The world's first shop for left-handers,world first shop lefthander,"A London shop catering for people who are left-handed was doing a brisk trade both in-store and via mail-order. Items available included secateurs, a builder's trowel and even left-handed playing cards. Report by Susanne Hall.",london shop cater people lefthand brisk trade instore via mailorder item available includ secateur builder trowel even lefthand plai card report susanne hall
BBC,https://www.bbc.co.uk/iplayer/episode/m002ydrr?at_medium=RSS&at_campaign=rss,,"Sorry, BBC iPlayer isn’t available in your region.",sorri bbc iplayer isn’t available region,"It looks like you’re outside of the UK. BBC iPlayer is only available in the UK. If you are using a proxy or VPN, please turn off any of these services and try again.",look like you’re outside uk bbc iplayer available uk us proxi vpn please turn service try
BBC,https://www.bbc.co.uk/sounds/play/m002zg12?at_medium=RSS&at_campaign=rss,,Try searching for it instead,try search instead,Gianni Infantino says he will not sell football World Cup stakes to private investors,gianni infantino sai will sell football world cup stake private investor
BBC,https://www.bbc.co.uk/news/articles/cn0nqpy1rk4o?at_medium=RSS&at_campaign=rss,2026-07-30 20:42:48,How police are trying to divert teen hackers away from crime,police try divert teen hacker awai crime,Lucas was 16 when he got into trouble for hacking his school computers. Twice.,luca got trouble hack school computer twice
BBC,https://www.bbc.co.uk/news/articles/cq5637p7qpno?at_medium=RSS&at_campaign=rss,2026-07-30 10:53:20,Xbox tech boss says 'unacceptable' outage should not have affected disc games,xbox tech boss sai unacceptable outage affect disc game,"Xbox's technology chief said an ""unacceptable"" outage on Monday should not have stopped people from playing their games on physical discs.",xbox technologi chief said unacceptable outage mondai stop people plai game physical disc
BBC,https://www.bbc.co.uk/news/articles/c9q90q9qnn2o?at_medium=RSS&at_campaign=rss,2026-07-29 05:50:04,Data centres could pay hundreds of millions in deposits for power demands,data centre pai hundr million deposit power demand,Ofgem has proposed new measures which could see developers of data centres made to pay hundreds of millions of pounds up front.,ofgem propos new measure see developer data centre made pai hundr million pound front
BBC,https://www.bbc.co.uk/news/articles/c2el319vzr3o?at_medium=RSS&at_campaign=rss,2026-07-28 19:00:10,OpenAI says its rogue AI tried to hack other companies,openai sai rogue ai tri hack compani,OpenAI has revealed a cyber-attack carried out by rogue ChatGPT agents went further than just one company.,openai reveal cyberattack carri rogue chatgpt agent went just one compani
BBC,https://www.bbc.co.uk/news/articles/c5yeg1wegpno?at_medium=RSS&at_campaign=rss,2026-07-28 19:00:15,Brits urged to avoid dangerous plug adaptors this summer - what to watch out for,brit urg avoid dangerou plug adaptor summer watch,"Brits going on holiday abroad this summer have been warned to watch out for dangerous travel adaptors, after an investigation suggested thousands may be for sale online.",brit go holidai abroad summer warn watch dangerou travel adaptor investigation suggest thousand mai sale online
BBC,https://www.bbc.co.uk/news/articles/cly5qgjk5ywo?at_medium=RSS&at_campaign=rss,2026-07-27 17:51:34,Some people's chats with Claude AI found to be publicly available online,people chat claude ai found publicli available online,"Anthropic's Claude chatbot is among the most popular, rivaling ChatGPT and Gemini.",anthropic claude chatbot among popular rival chatgpt gemini
BBC,https://www.bbc.co.uk/sounds/play/w3ct8jy6?at_medium=RSS&at_campaign=rss,,Understanding AI Agents,understand ai agent,"AI agents carry out tasks autonomously on behalf of users. But what are they capable of, and what do we need to know about them? With AI agents in the news, we speak to an expert.",ai agent carri task autonomousli behalf user capable need know ai agent new speak expert
BBC,https://www.bbc.co.uk/sounds/play/w3ct8jy5?at_medium=RSS&at_campaign=rss,,Smell the future,smell future,"The nose of a dog is incredibly sensitive. And odour contains information. With the help of AI, electronic 'noses' are being used to sniff out complex odours, including diseases. Chris Vallance visits a company developing the technology.",nose dog incredibli sensitive odour contain information help ai electronic nose us sniff complex odour includ disease chri vallance visit compani develop technologi
BBC,https://www.bbc.co.uk/sounds/play/w3ct8jy4?at_medium=RSS&at_campaign=rss,,Meet the humanoid robots performing surgery,meet humanoid robot perform surgeri,Humanoid robots have successfully performed surgery in an operating theatre for the first time. They were remotely controlled by surgeons. An expert involved talks to Tech Life.,humanoid robot successfulli perform surgeri operate theatre first time remoteli controll surgeon expert involv talk tech life
BBC,https://www.bbc.co.uk/sounds/play/w3ct8jy3?at_medium=RSS&at_campaign=rss,,Too young to scroll?,young scroll,"What is a good age to give a child a smartphone? A community in Ireland might have the answer. In Greystones there's a voluntary agreement to wait until secondary school age. We hear from the school principal who leads the ""It Takes A Village"" initiative, and a local parent.",good age give child smartphone communiti ireland might answer greystone there voluntari agreement wait secondari school age hear school principal lead take village initiative local parent
BBC,https://www.bbc.co.uk/iplayer/episode/m002zxt1?at_medium=RSS&at_campaign=rss,,"Sorry, BBC iPlayer isn’t available in your region.",sorri bbc iplayer isn’t available region,"It looks like you’re outside of the UK. BBC iPlayer is only available in the UK. If you are using a proxy or VPN, please turn off any of these services and try again.",look like you’re outside uk bbc iplayer available uk us proxi vpn please turn service try
BBC,https://www.bbc.co.uk/iplayer/episode/m002zn5l?at_medium=RSS&at_campaign=rss,,"Sorry, BBC iPlayer isn’t available in your region.",sorri bbc iplayer isn’t available region,"It looks like you’re outside of the UK. BBC iPlayer is only available in the UK. If you are using a proxy or VPN, please turn off any of these services and try again.",look like you’re outside uk bbc iplayer available uk us proxi vpn please turn service try
BBC,https://www.bbc.co.uk/iplayer/episode/m002zc0w?at_medium=RSS&at_campaign=rss,,"Sorry, BBC iPlayer isn’t available in your region.",sorri bbc iplayer isn’t available region,"It looks like you’re outside of the UK. BBC iPlayer is only available in the UK. If you are using a proxy or VPN, please turn off any of these services and try again.",look like you’re outside uk bbc iplayer available uk us proxi vpn please turn service try
BBC,https://www.bbc.co.uk/iplayer/episode/m002z2l5?at_medium=RSS&at_campaign=rss,,"Sorry, BBC iPlayer isn’t available in your region.",sorri bbc iplayer isn’t available region,"It looks like you’re outside of the UK. BBC iPlayer is only available in the UK. If you are using a proxy or VPN, please turn off any of these services and try again.",look like you’re outside uk bbc iplayer available uk us proxi vpn please turn service try
BBC,https://www.bbc.co.uk/news/articles/cd69glgl2jzo?at_medium=RSS&at_campaign=rss,2026-07-30 20:26:02,What your summer reading list says about you,summer read list sai,"You've been dreaming about that summer break on the sun lounger, book in one hand and drink in the other, for months. Now the dash to the airport gate, train station or hours-long drive is all that stands in your way.",youve dream summer break sun lounger book one hand drink month now dash airport gate train station hourslong drive stand wai
BBC,https://www.bbc.co.uk/news/articles/ckgv614qn2do?at_medium=RSS&at_campaign=rss,2026-07-30 07:10:02,Holidaymakers warned about 'explosive diarrhoea' cyclospora parasite infection,holidaymaker warn explosive diarrhoea cyclospora parasite infection,Forty-eight of the UK cases of the cyclospora infection reported previously travelling to Mexico,fortyeight uk case cyclospora infection report previousli travell mexico
BBC,https://www.bbc.co.uk/news/articles/cn9n1rg3n81o?at_medium=RSS&at_campaign=rss,2026-07-27 20:14:41,Hundreds of thousands of women get morning-after pill via free pharmacy service,hundr thousand women get morningafter pill via free pharmaci service,"Hundreds of thousands of women have used a new, free morning-after pill service  at high street pharmacies in England, figures reveal.",hundr thousand women us new free morningafter pill service high street pharmaci england figure reveal
BBC,https://www.bbc.co.uk/news/articles/c0jlzqe9z9vo?at_medium=RSS&at_campaign=rss,2026-07-26 17:00:27,Badenoch says PM must rule out tax rises to fund social care reform,badenoch sai pm must rule tax rise fund social care reform,"Kemi Badenoch has written to the prime minister asking him to ""rule out any tax rises or increased borrowing"" to fund social care reform.",kemi badenoch written prime minister ask rule tax rise increas borrow fund social care reform
BBC,https://www.bbc.co.uk/news/articles/cwylnl17w09o?at_medium=RSS&at_campaign=rss,2026-07-25 16:00:26,"Burnham to address social care, youth unemployment and devolution",burnham address social care youth unemployment devolution,"Andy Burnham will make a speech on social care next week as part of what No 10 says is an attempt to show he is ""hitting the ground running"" as prime minister.",andi burnham will make speech social care next week part sai attempt show hit ground run prime minister
BBC,https://www.bbc.co.uk/news/articles/c8jn007gmpzo?at_medium=RSS&at_campaign=rss,2026-07-24 10:43:51,First person gets new experimental vaccine for Ebola,first person get new experimental vaccine ebola,​​The first volunteer in the world - a 37-year-old UK man called Ed Hunt - has received an experimental vaccine against the Ebola virus.,​​the first volunteer world yearold uk man call ed hunt receiv experimental vaccine ebola viru
BBC,https://www.bbc.co.uk/news/articles/c7vgd11d60do?at_medium=RSS&at_campaign=rss,2026-07-24 00:48:36,'Evidence lacking' for mental health monitoring tech,evidence lack mental health monitor tech,"An inquiry into the deaths of 2,000 people in Essex is expected to continue into 2027",inquiri death people essex expect continue
BBC,https://www.bbc.co.uk/news/articles/cgk4xrznxn5o?at_medium=RSS&at_campaign=rss,2026-07-23 20:05:55,Heatwave anxiety can make you feel 'incredibly helpless' - here's how to manage it,heatwave anxieti can make feel incredibli helpless here manage,"Mum-of-two Tavia Watts, 36, says the heat leaves her feeling ""like the world is literally ending""",mumoftwo tavia watt sai heat leave feel like world literalli end
BBC,https://www.bbc.co.uk/news/articles/cgmkygjk9g2o?at_medium=RSS&at_campaign=rss,2026-07-22 19:38:58,'Life-changing' MS drug to help people walk now on NHS in England,lifechang ms drug help people walk now nh england,Aysen Slack says she used to pay for the drug privately until it became too costly,aysen slack sai us pai drug privateli became costli
BBC,https://www.bbc.co.uk/news/articles/cdewk5r308jo?at_medium=RSS&at_campaign=rss,2026-07-21 20:52:08,UK humanitarian worker monitored for Ebola in London hospital,uk humanitarian worker monitor ebola london hospital,A humanitarian worker in the Democratic Republic of Congo has been medically evacuated to the UK after a potential healthcare‑related exposure to Ebola.,humanitarian worker democratic republic congo medicalli evacuate uk potential healthcare‑relate exposure ebola
BBC,https://www.bbc.co.uk/news/articles/cdx8vw5k2x8o?at_medium=RSS&at_campaign=rss,2026-07-21 20:03:43,More young women in their 20s are getting type 2 diabetes,young women s get type diabete,"England is seeing a ""worrying increase"" in young women in their 20s developing type 2 diabetes, experts at Imperial College London have warned.",england se worri increase young women s develop type diabete expert imperial college london warn
BBC,https://www.bbc.co.uk/news/articles/c5yrjgj984qo?at_medium=RSS&at_campaign=rss,2026-07-20 20:16:08,"Your tips on getting a fussy child to eat, and six recipes they'll love",tip get fussi child eat six recipe theyll love,It's the start of the summer holidays and you've already had five battles with your child to get them to eat a bit of broccoli.,start summer holidai youve alreadi five battle child get eat bit broccoli
BBC,https://www.bbc.co.uk/news/articles/cj6g03567edo?at_medium=RSS&at_campaign=rss,2026-07-20 14:01:00,'If only people knew what a tick could do' - the deadly meat allergy caused by tick bites,people knew tick deadli meat allergi caus tick bite,Jeremy Webb died of anaphylaxis triggered by tick-induced mammalian meat allergy,jeremi webb di anaphylaxi trigger tickinduc mammalian meat allergi
BBC,https://www.bbc.co.uk/news/articles/c0m71plpj0mo?at_medium=RSS&at_campaign=rss,2026-07-29 20:22:27,How to do neon festival make-up without harming your skin,neon festival makeup without harm skin,"Bright graphic eyeliner, vampy lips and holographic highlighter are some of this year's biggest beauty trends for the main stage.",bright graphic eyeliner vampi lip holographic highlighter year biggest beauti trend main stage
BBC,https://www.bbc.co.uk/news/articles/c79yyzw9v8xo?at_medium=RSS&at_campaign=rss,2026-07-18 22:12:23,I had to stop modelling because I kept passing out from crippling endometriosis,stop modell kept pass crippl endometriosi,"Doctors removed Carla Cressy's appendix, but it was endometriosis that was causing the excruciating pain",doctor remov carla cressi appendix endometriosi caus excruciate pain
BBC,https://www.bbc.co.uk/news/articles/cp9errxl97go?at_medium=RSS&at_campaign=rss,2026-07-18 20:01:55,The hidden cost of the night shift and how to sleep it off,hidden cost night shift sleep,"It is four in the morning, and the ward is quiet. A resident doctor has been on her feet for nine hours. She is tired, her muscles are sore and her eyes are straining, but when her shift ends at six in the morning and she finally gets home, she struggles to sleep.",four morn ward quiet resident doctor feet nine hour tir muscle sore eye strain shift end six morn finalli get home struggle sleep
BBC,https://www.bbc.co.uk/news/articles/c1k13l8jljeo?at_medium=RSS&at_campaign=rss,2026-07-17 20:21:57,Doctors failed to spot my hidden condition for so long I was left permanently disabled,doctor fail spot hidden condition long left permanentli disable,"When Daneka Etchells was 12, her period arrived - and she immediately knew something wasn't right.",daneka etchell period arriv immediateli knew someth wasnt right
BBC,https://www.bbc.co.uk/news/articles/ce9592kve1po?at_medium=RSS&at_campaign=rss,2026-07-15 20:34:41,"'I couldn't leave the house, I worried I'd cheat': The rise of relationship OCD",couldnt leave house worri id cheat rise relationship ocd,"Sophia describes the toll of having relationship OCD as ""mental torture""",sophia describe toll relationship ocd mental torture
BBC,https://www.bbc.co.uk/news/articles/c7432klgyldo?at_medium=RSS&at_campaign=rss,2026-03-16 06:00:57,What are the symptoms of meningitis and how is it spread?,symptom meningiti spread,An emergency vaccination programme followed an outbreak in Kent,emergenci vaccination programme follow outbreak kent
BBC,https://www.bbc.co.uk/news/articles/cvgmyggpg42o?at_medium=RSS&at_campaign=rss,2026-07-12 20:11:11,Starting uni? What to know about the free NHS meningitis B jab in England,start uni know free nh meningiti b jab england,High street pharmacies across England are now offering a free meningitis B vaccine for many young people.,high street pharmaci across england now offer free meningiti b vaccine mani young people
BBC,https://www.bbc.co.uk/news/articles/clyw89g3443o?at_medium=RSS&at_campaign=rss,2026-07-08 01:29:23,More protein or less? The foods to get you through a heatwave,protein less food get heatwave,"As temperatures exceed 30C (86F) in some parts of the UK this week, the last thing people want to do is turn on the oven.",temperature excee c f part uk week last thing people want turn oven
NPR,https://www.npr.org/2026/07/31/nx-s1-5915820/fifa-world-cup-gianni-infantino,2026-07-31 22:08:51,FIFA scraps controversial deal to sell stakes in World Cup to private investors,fifa scrap controversial deal sell stake world cup private investor,"FIFA President Gianni Infantino poses with the World Cup trophy following the 2026 FIFA World Cup European Play-Off draw at the FIFA's Home of Football in Zurich on Nov. 20, 2025. Fabrice Coffrini/AFP via Getty Images hide caption",fifa president gianni infantino pose world cup trophi follow fifa world cup european playoff draw fifa home football zurich nov fabrice coffriniafp via getti image hide caption
NPR,https://www.npr.org/2026/07/31/nx-s1-5915828/reflecting-pool-david-hearn-dismiss,2026-07-31 19:24:36,"Prosecutors move to dismiss Reflecting Pool vandalism case, saying 'botched installation' to blame",prosecutor move dismiss reflect pool vandalism case sai botch installation blame,"Former Olympian David Hearn stands with his attorney Norman Eisen as he speaks to reporters and protestors gathered after his arraignment at Moultrie Courthouse on July 09, 2026 in Washington, D.C. Finn Gomez/Getty Images North America hide caption",former olympian david hearn stand attornei norman eisen speak reporter protestor gather arraignment moultrie courthouse juli washington dc finn gomezgetti image north america hide caption
NPR,https://www.npr.org/2026/07/31/nx-s1-5913376/climate-adaptation-at-its-limits-says-one-scientist,2026-07-31 16:28:46,"Climate adaptation at its limits, says one scientist",climate adaptation limit sai one scientist,"A climate scientist says Earth is ""passing the limits of adaptation"" when it comes to withstanding the effects of climate change.",climate scientist sai earth pass limit adaptation come withstand effect climate change
NPR,https://www.npr.org/2026/07/31/nx-s1-5867626/drone-delivery-helps-in-rwanda-but-only-so-much,2026-07-31 16:28:41,"Drone delivery helps in Rwanda, but only so much",drone deliveri help rwanda much,A U.S. company in Rwanda has been providing medical supplies via drone. But even state-of-the-art technology can't overcome a weak health care infrastructure.,us compani rwanda provid medical suppli via drone even stateoftheart technologi cant overcome weak health care infrastructure
NPR,https://www.npr.org/2026/07/31/nx-s1-5914652/google-adds-ai-to-satellite-images-raising-fears-of-deepfakes-in-the-sky,2026-07-31 14:29:41,"Google pauses AI satellite images, after fears of deepfakes in the sky",google pause ai satellite image fear deepfake sky,"An AI-generated image showing multiple fires on and near Kharg Island, an Iranian island in the Persian Gulf that is home to a strategic oil terminal. Generated and annotated by NPR hide caption",aigenerate image show multiple fire near kharg island iranian island persian gulf home strategic oil terminal generate annotate npr hide caption
NPR,https://www.npr.org/2026/07/31/g-s1-136442/extreme-heat-air-conditioning-keeping-cool,2026-07-31 10:44:47,Keeping cool without AC: Our readers share their tips,keep cool without ac reader share tip,"It's so hot in Germany this summer that Cologne started a ""Cooling Cologne"" initiative: Chilled groundwater is dispersed through fine-mist sprays connected to fire hoses. Kadir Ilboga/Anadolu via Getty Images hide caption",hot germani summer cologne start cool cologne initiative chill groundwater dispers finemist sprai connect fire hose kadir ilbogaanadolu via getti image hide caption
NPR,https://www.npr.org/2026/07/31/nx-s1-5913947/medicaid-trump-work-requirements-big-beautiful-bill-nebraska,2026-07-31 09:22:40,"In Nebraska, Americans begin to lose Medicaid under Trump's work rules",nebraska american begin lose medicaid trump work rule,"Timothy Herman leaves a senior center in Curtis, Neb. The state is the first in the nation to roll out work requirements for Medicaid, which President Trump created in his 2025 big budget law. Rebecca S. Gratz for The Washington Post/Getty Images hide caption",timothi herman leave senior center curti neb state first nation roll work requirement medicaid president trump create big budget law rebecca s gratz washington postgetti image hide caption
NPR,https://www.npr.org/2026/07/31/g-s1-136527/up-first-newsletter-trump-hamas-israel-todd-blanche-us-economy,2026-07-31 07:30:26,"Trump announced a deal for Hamas to disarm. And, the U.S. economy slowed a bit",trump announc deal hama disarm us economi slow bit,"Good morning. You're reading the Up First newsletter. Subscribe here to get it delivered to your inbox, and listen to the Up First podcast for all the news you need to start your day.",good morn youre read first newsletter subscribe get deliver inbox listen first podcast new need start dai
NPR,https://www.npr.org/2026/07/31/g-s1-136290/epstein-trump-fauci-grammys-bts-news-quiz,2026-07-31 05:01:00,Who's driving a bookmobile full of Epstein files? The quiz knows!,who driv bookmobile full epstein file quiz know,"From left: Zendaya, Anthony Fauci, creepy robot lady. Jamie McCarthy/Getty Images; Anna Moneymaker/Getty Images; Abbie Parr/AP hide caption",left zendaya anthoni fauci creepi robot ladi jamie mccarthygetti image anna moneymakergetti image abbie parrap hide caption
NPR,https://www.npr.org/2026/07/31/nx-s1-5910885/student-loans-colleges-fraud-borrower-defense-education-department-trump,2026-07-31 05:00:00,450K borrowers say they were ripped off. Their student loans are being erased,k borrower sai rip student loan eras,"The class-action lawsuit has spanned three presidential administrations and carried the names of three different education secretaries: from Sweet v. DeVos in 2019 to Sweet v. Cardona during the Biden administration, and now Sweet v. McMahon for Trump's current education secretary, Linda McMahon. Oliver Contreras/AFP via Getty Images hide caption",classaction lawsuit span three presidential administration carri name three different education secretari sweet v devo sweet v cardona biden administration now sweet v mcmahon trump current education secretari linda mcmahon oliver contrerasafp via getti image hide caption
NPR,https://www.npr.org/2026/07/31/nx-s1-5914657/tens-of-thousands-of-migrants-crossed-into-spanish-territory-from-morocco-this-week,2026-07-31 16:22:54,Tens of thousands of migrants crossed into Spanish territory from Morocco this week,ten thousand migrant cross spanish territori morocco week,"Many of the migrants have now returned. Spanish authorities reported that at least 57 died, among them those who drowned as they attempted to swim to Ceuta, a Spanish autonomous city.",mani migrant now return spanish authoriti report least di among drown attempt swim ceuta spanish autonomou citi
NPR,https://www.npr.org/2026/07/31/nx-s1-5913353/france-wildfires-bordeaux-europe-heatwave,2026-07-31 04:45:07,Thousands in France allowed to return home as Europe tackles wildfires and heatwave,thousand france allow return home europe tackle wildfire heatwave,"A plane releases fire retardant as it flies over a forest near Blagon, during wildfires in southwestern France, July 29, 2026. Emma Da Silva/AP hide caption",plane release fire retardant fli forest near blagon wildfire southwestern france juli emma da silvaap hide caption
NPR,https://www.npr.org/2026/07/31/g-s1-136507/morocco-spain-migration,2026-07-31 05:57:18,At least 18 die after breach of border between Morocco and Spanish territory of Ceuta,least die breach border morocco spanish territori ceuta,"Migrants cross from Morocco into the Spanish enclave of Ceuta, Thursday, July 30, 2026. Antonio Sempere/AP hide caption",migrant cross morocco spanish enclave ceuta thursdai juli antonio sempereap hide caption
NPR,https://www.npr.org/2026/07/31/g-s1-136500/trump-hamas-gaza,2026-07-31 01:20:19,"Trump announces deal for Hamas to disarm, militants demand Israel withdraws from Gaza first",trump announce deal hama disarm militant demand israel withdraw gaza first,"Palestinians search among rubble, damaged tents and household belongings after an Israeli airstrike in the Al-Nasr neighborhood of western Gaza City, on July 30, 2026. The overnight strike hit the Matter family home and destroyed the residential building and the nearby Al-Zuhour displacement camp, where local authorities said around 35 displaced families had been sheltering. MOHAMMED M SKAIK/AFP via Getty Images hide caption",palestinian search among rubble damag tent household belong israeli airstrike alnasr neighborhood western gaza citi juli overnight strike hit matter famili home destroi residential build nearbi alzuhour displacement camp local authoriti said around displac famili shelter moham m skaikafp via getti image hide caption
NPR,https://www.npr.org/2026/07/30/nx-s1-5913664/world-cup-fifa-uefa-gianni-infantino,2026-07-30 15:31:51,European soccer leaders to boycott  the World Cup in an unprecedented step,european soccer leader boycott world cup unprecedent step,"FIFA President Gianni Infantino looks on prior to the FIFA Club World Cup 2025 quarter final match between Fluminense FC and Al Hilal at Camping World Stadium in Orlando, Fl., on July 4, 2025. Alex Grimm/Getty Images North America hide caption",fifa president gianni infantino look prior fifa club world cup quarter final match fluminense fc al hilal camp world stadium orlando fl juli alex grimmgetti image north america hide caption
NPR,https://www.npr.org/2026/07/30/g-s1-136285/up-first-newsletter-anthony-fauci-covid-asylum-rule-medicare-drug-plan,2026-07-30 07:45:46,"Sen. Paul threatens to hold Fauci in contempt. And, a new rule undercuts U.S. asylum",sen paul threaten hold fauci contempt new rule undercut us asylum,"Good morning. You're reading the Up First newsletter. Subscribe here to get it delivered to your inbox, and listen to the Up First podcast for all the news you need to start your day.",good morn youre read first newsletter subscribe get deliver inbox listen first podcast new need start dai
NPR,https://www.npr.org/2026/07/30/g-s1-136276/russia-ukraine-war,2026-07-30 14:26:05,Russian strikes across Ukraine kill 10 and a missile falls in Poland,russian strike across ukraine kill missile fall poland,"Rescuers work at the damaged apartment building following a Russian air attack in Lviv, Ukraine, Thursday, July 30, 2026. Mykola Tys/AP hide caption",rescuer work damag apartment build follow russian air attack lviv ukraine thursdai juli mykola tysap hide caption
NPR,https://www.npr.org/2026/07/30/nx-s1-5913384/anthony-fauci-fifth-rand-paul-covid-public-health-chilling,2026-07-30 16:37:48,"After Fauci Senate hearing, experts worry about 'chilling effect' on public health",fauci senate hear expert worri chill effect public health,"Anthony Fauci, former director of the National Institute of Allergy and Infectious Diseases, during a Senate Homeland Security and Governmental Affairs Committee hearing in Washington, D.C. Experts worry that the pursuit of Fauci is helping to create a ""chilling effect"" on public health staffing and infrastructure in the U.S. Al Drago/Bloomberg/Getty Images hide caption",anthoni fauci former director national institute allergi infectiou disease senate homeland securiti governmental affair committee hear washington dc expert worri pursuit fauci help create chill effect public health staf infrastructure us al dragobloomberggetti image hide caption
NPR,https://www.npr.org/2026/07/30/nx-s1-5909222/parasite-cyclospora-outbreak-odyssey-nolan,2026-07-30 05:00:00,Here's how 'parasite' went from a laughing matter to a serious biological threat,here parasite went laugh matter seriou biological threat,"Spinach is displayed for sale on shelves at a Target store on July 23, 2026 in Austin, Texas. Brandon Bell/Getty Images hide caption",spinach displai sale shelve target store juli austin texa brandon bellgetti image hide caption
NPR,https://www.npr.org/2026/07/29/g-s1-136142/rand-paul-anthony-fauci-lab-leak-spillover-pandemic-origin,2026-07-29 19:02:53,Animal spillover? Lab leak? What the science says about the origins of COVID-19,animal spillover lab leak science sai origin covid,"Members of the Wuhan Hygiene Emergency Response Team leave the shuttered Huanan Seafood Wholesale Market in the city of Wuhan, in Hubei, Province on January 11, 2020. Investigations of the origin of COVID-19 have centered on the animals sold at the market. Noel Celis/AFP/via Getty Images hide caption",member wuhan hygiene emergenci response team leave shutter huanan seafood wholesale market citi wuhan hubei province januari investigation origin covid center animal sold market noel celisafpvia getti image hide caption
NPR,https://www.npr.org/2026/07/29/nx-s1-5911839/how-to-catch-this-weeks-meteor-showers-despite-the-full-moon,2026-07-29 16:21:58,"How to catch this week's meteor showers, despite the full moon",catch week meteor shower despite full moon,Two annual meteor showers are reaching their peak this week. It will be harder to see them this year due to the moon - but an astronomer shared tips with us on how to still view the lights.,two annual meteor shower reach peak week will harder see year due moon astronomer shar tip us still view light
NPR,https://www.npr.org/2026/07/29/nx-s1-5910542/fauci-rand-paul-diary-coronavirus-origin-lab-leak-hearing,2026-07-29 15:00:09,Anthony Fauci invokes Fifth Amendment in Rand Paul Senate hearing,anthoni fauci invoke fifth amendment rand paul senate hear,"Dr. Anthony Fauci waits for the start of a Senate Homeland Security and Governmental Affairs committee hearing on Capitol Hill in Washington, DC, on July 29, 2026. Alex Wroblewski / AFP/Getty Images hide caption",dr anthoni fauci wait start senate homeland securiti governmental affair committee hear capitol hill washington dc juli alex wroblewski afpgetti image hide caption
NPR,https://www.npr.org/2026/07/29/g-s1-136057/france-wildfires,2026-07-29 12:18:31,"In France and Spain, the battle to contain wildfires faces another heatwave",france spain battle contain wildfire face another heatwave,"Firefighters battle a blaze outside Lanton, during wildfires in southwestern France, Tuesday. Emma Da Silva/AP hide caption",firefighter battle blaze outside lanton wildfire southwestern france tuesdai emma da silvaap hide caption
NPR,https://www.npr.org/2026/07/29/nx-s1-5911613/japan-earthquake-updates,2026-07-29 07:29:28,Death toll rises to 18 as rescuers comb through quake rubble in southwestern Japan,death toll rise rescuer comb quake rubble southwestern japan,"This aerial image shows a damaged chimney of the Nippon Paper Industries Co.'s Yatsushiro factory, following an earthquake in Yatsushiro, Kumamoto Prefecture, Wednesday, July 29, 2026. Naoki Hiraoka/Kyodo News via AP hide caption",aerial image show damag chimnei nippon paper industri co yatsushiro factori follow earthquake yatsushiro kumamoto prefecture wednesdai juli naoki hiraokakyodo new via ap hide caption
NPR,https://www.npr.org/2026/07/27/nx-s1-5909531/rand-paul-anthony-fauci-coronavirus-diary-lab-leak-origin,2026-07-27 20:05:31,Rand Paul releases Anthony Fauci's pandemic-era diary notes. Here's what they tell us,rand paul release anthoni fauci pandemicera diari note here tell us,"Dr. Anthony Fauci testifies before the House Oversight and Accountability Committee Select Subcommittee on the Coronavirus Pandemic on June 3, 2024, in Washington, D.C. Fauci is expected to appear before the Senate Homeland Security and Governmental Affairs Committee on Wednesday. Chip Somodevilla/Getty Images hide caption",dr anthoni fauci testifi house oversight accountabiliti committee select subcommittee coronaviru pandemic june washington dc fauci expect appear senate homeland securiti governmental affair committee wednesdai chip somodevillagetti image hide caption
NPR,https://www.npr.org/2026/07/27/nx-s1-5894964-e1/how-researchers-discovered-a-new-monkey-species-deep-in-the-rainforest,2026-07-27 16:46:14,How researchers discovered a new monkey species deep in the rainforest,researcher discover new monkei speci deep rainforest,"In the jungle of the Democratic Republic of Congo, a team of researchers discover a new species of monkey, and form a deep friendship along the way.",jungle democratic republic congo team researcher discover new speci monkei form deep friendship along wai
Guardian,https://www.theguardian.com/commentisfree/2026/jul/31/world-cup-sell-stakes-gianni-infantino-fifa,2026-07-31 08:44:21,A World Cup with no participants – it could be Gianni Infantino’s boldest move yet,world cup participant – gianni infantino’ boldest move yet,You’ve got to admire the Fifa president’s chutzpah in trying to flog off football’s greatest prize. If only Uefa wasn’t being so pesky about it all,you’ve got admire fifa president’ chutzpah try flog football’ greatest prize uefa wasn’t peski
Guardian,https://www.theguardian.com/world/2026/jul/30/sign-up-for-this-is-india-our-free-weekly-newsletter-on-life-in-the-subcontinent,2026-07-30 10:46:02,Sign up for This is India: our free weekly newsletter on life in the subcontinent,sign india free weekli newsletter life subcontinent,"Niha Masih’s weekly newsletter about the stories, ideas and news makers of modern India",niha masih’ weekli newsletter stori idea new maker modern india
Guardian,https://www.theguardian.com/wellness/2026/jul/31/hobbies-can-improve-your-health,2026-07-31 12:00:27,Hobbies can improve your health – here are four tips for choosing one,hobbi can improve health – four tip choos one,"From sea swimming to painting, doctors are ‘prescribing’ hobbies – but you don’t need a doctor’s note to get started",sea swim paint doctor ‘prescribing’ hobbi – don’t need doctor’ note get start
Guardian,https://www.theguardian.com/commentisfree/2026/jul/31/donald-trump-andy-burnham-europe-britain,2026-07-31 12:30:47,"Will Trump be Burnham’s undoing, or the making of him? The answer lies in Europe",will trump burnham’ undo mak answer li europe,"In an increasingly dangerous world, our European neighbours are finding safety in numbers – but Britain is on the outside. The new PM’s task is to change that",increasingli dangerou world european neighbour find safeti number – britain outside new pm’ task change
Guardian,https://www.theguardian.com/business/2026/jul/31/ben-jerrys-ice-cream-magnum-boycott,2026-07-31 14:48:22,‘It ain’t the same’: inside the bitter battle to free Ben & Jerry’s,‘it ain’t same’ inside bitter battle free ben jerry’,Ben Cohen says his ice-cream company has been silenced by corporate ownership – and a boycott of Magnum brands could force a sale,ben cohen sai icecream compani silenc corporate ownership – boycott magnum brand force sale
Guardian,https://www.theguardian.com/tv-and-radio/2026/jul/31/tanya-reynolds-interview-ted-lasso-fourth-season,2026-07-31 08:00:13,"Alien erotica, football coaching and making Meryl Streep cry: Ted Lasso’s new star Tanya Reynolds opens up",alien erotica football coach mak meryl streep cry ted lasso’ new star tanya reynold open,"She lit up screens as Sex Education’s steamy sci-fi writer, wowed Streep in the West End and now she’s starring in the return of TV’s feelgood footie hit. The  star talks about pretending to be sporty – and why she’s a total cheese string",lit screen sex education’ steami scifi writer wow streep west end now she’ star return tv’ feelgood footie hit star talk pretend sporti – she’ total cheese string
Guardian,https://www.theguardian.com/world/2026/jul/31/ceuta-spain-morocco-border-deaths,2026-07-31 11:57:03,At least 57 people die as tens of thousands cross to Spanish enclave of Ceuta from Morocco,least people die ten thousand cross spanish enclave ceuta morocco,Pedro Sánchez decries ‘violation of territorial integrity’ as other EU countries criticise Madrid over incident,pedro sánchez decri ‘violation territorial integrity’ eu countri criticise madrid incident
Guardian,https://www.theguardian.com/football/2026/aug/01/fifa-scraps-plan-to-sell-off-stakes-in-world-cup-after-widespread-backlash,2026-07-31 19:55:44,Fifa scraps proposal to sell off stakes in World Cup after widespread backlash,fifa scrap proposal sell stake world cup widespread backlash,"Gianni Infantino’s proposal to sell chunks of the World Cup to private investors has sensationally collapsed, with the Fifa president admitting the project “has created divisions of a nature that are no longer of the interest of the objective”, amid widespread anger globally.",gianni infantino’ proposal sell chunk world cup private investor sensationalli collaps fifa president admit project “ha create division nature longer interest objective” amid widespread anger globalli
Guardian,https://www.theguardian.com/world/2026/jul/31/iran-strikes-tankers-us-escort-hormuz-strait-trump-gathers-cabinet,2026-07-30 11:24:31,Iran strikes tankers under US escort in Hormuz strait as Trump gathers cabinet to discuss war,iran strike tanker us escort hormuz strait trump gather cabinet discuss war,Energy prices have soared again since fighting between US and Iran resumed two weeks ago as conflict spreads across Middle East,energi price soar since fight us iran resum two week ago conflict spread across middle east
Guardian,https://www.theguardian.com/business/2026/aug/01/ecb-climate-wildfires-global-economy-stability,2026-08-01 00:00:41,ECB official warns climate crisis poses growing threat to ‘core financial stability’,ecb official warn climate crisi pose grow threat ‘core financial stability’,"Exclusive: As wildfires rage, Frank Elderson says more work needed to assess risk from collapse of ecosystem services",exclusive wildfire rage frank elderson sai work need assess risk collapse ecosystem service
Guardian,https://www.theguardian.com/us-news/2026/jul/31/scott-bessent-japanese-yen,2026-07-31 20:33:29,Bessent ‘to-do’ list shows proposal for US to buy $5bn-$10bn of Japanese yen,bessent ‘todo’ list show proposal us bui bnbn japanese yen,"Treasury secretary’s notepad, photographed by Reuters on Friday morning, prompts questions over US plans",treasuri secretary’ notepad photograph reuter fridai morn prompt question us plan
Guardian,https://www.theguardian.com/world/2026/aug/01/ukraine-war-briefing-missile-attack-on-kyiv-kills-at-least-three-as-zelenskyy-pushes-to-use-starlink-for-attacks-in-russia,2026-07-31 23:55:59,Ukraine war briefing: Kyiv missile attack kills at least nine as Zelenskyy seeks attack role for Starlink,ukraine war brief kyiv missile attack kill least nine zelenskyi seek attack role starlink,"Donald Trump retreats further from commitment to let Ukraine manufacture its own Patriot missiles. What we know on day 1,620",donald trump retreat commitment let ukraine manufacture patriot missile know dai
Guardian,https://www.theguardian.com/environment/2026/jul/31/india-monsoon-el-nino-hot-dry-conditions-meteorologists,2026-07-29 13:25:31,India’s monsoon rains in danger as UN chief warns planet is ‘on fire’,india’ monsoon rain danger un chief warn planet ‘on fire’,António Guterres says strengthening El Niño will help push the world’s climate crisis into ‘uncharted territory’,antónio guterre sai strengthen el niño will help push world’ climate crisi ‘unchart territory’
Guardian,https://www.theguardian.com/science/2026/jul/31/spacex-rocket-moon-collision,2026-07-31 09:05:10,Drifting SpaceX rocket heading for accidental collision with moon,drift spacex rocket head accidental collision moon,Scientists and sky gazers will watch intently as rocket’s upper stage slams into lunar surface on Wednesday,scientist sky gazer will watch intentli rocket’ upper stage slam lunar surface wednesdai
Guardian,https://www.theguardian.com/media/2026/jul/31/washington-post-opinion-editor-resigns-adam-oneal,2026-07-31 13:24:42,Washington Post’s opinion editor resigns after just one year in role,washington post’ opinion editor resign just one year role,Adam O’Neal did not give reason for his departure at end of August in another major shakeup at US publication,adam o’neal give reason departure end august another major shakeup us publication
Guardian,https://www.theguardian.com/world/2026/aug/01/just-the-tip-of-the-iceberg-how-a-bali-run-club-reignited-tourist-tensions-on-holiday-island,2026-07-31 23:35:44,‘Just the tip of the iceberg’: how a Bali run club reignited tourist tensions on holiday island,‘just tip iceberg’ bali run club reignit tourist tension holidai island,Accusations Indonesians were being excluded deepened a sense of frustration held by some residents on the island,accusation indonesian exclud deepen sense frustration held resident island
Guardian,https://www.theguardian.com/world/2026/aug/01/wildfire-france-firefighters-battling-france-megafire,2026-08-01 00:00:42,‘We stared into an abyss’: the heroes battling to tame France’s ‘megafire’,‘we star abyss’ heroe battl tame france’ ‘megafire’,"Exhausted firefighters wage ‘war of attrition’ against blaze that forced 200,000 people from their homes",exhaust firefighter wage ‘war attrition’ blaze forc people home
Guardian,https://www.theguardian.com/news/video/2026/jul/31/can-trumps-hamas-disarmament-plan-work-and-will-israel-agree-to-withdraw-from-gaza-the-latest,2026-07-31 12:05:38,Can Trump’s Hamas disarmament plan work and will Israel agree to withdraw from Gaza? - The Latest,can trump’ hama disarmament plan work will israel agree withdraw gaza latest,"Donald Trump has declared a breakthrough in negotiations over the disarmament of Hamas in Gaza and the withdrawal of Israeli forces, but IsraelI government officials have voiced scepticism over the deal.",donald trump declar breakthrough negotiation disarmament hama gaza withdrawal israeli force israeli government official voic scepticism deal
Guardian,https://www.theguardian.com/music/2026/jul/31/ariana-grande-petal-album-review,2026-07-31 12:12:56,"Ariana Grande: Petal review – calm, controlled anger at exes, fans and the media",ariana grande petal review – calm controll anger exe fan media,"(Republic) Casting herself as a flower trampled underfoot, the superstar’s eighth album swaps the ​glitz of her Wicked years ​f​or dark blooms of haunted electronics",republic cast flower trampl underfoot superstar’ eighth album swap ​glitz wick year ​f​or dark bloom haunt electronic
Guardian,https://www.theguardian.com/film/2026/jul/31/release-schedule-when-to-wee-and-when-to-wait-during-this-summers-biggest-movies,2026-07-31 07:00:13,Release schedule: when to wee and when to wait during this summer’s biggest movies,release schedule wee wait summer’ biggest movi,"With run-times hitting three hours, you will probably need to take a bathroom break during this season’s blockbusters. Here’s a handy guide for your urination calculations",runtime hit three hour will probabli need take bathroom break season’ blockbuster here’ handi guide urination calculation
Guardian,https://www.theguardian.com/sport/2026/aug/01/pat-rafter-tennis-interview-australia,2026-07-31 11:00:16,Pat Rafter: ‘Why aren’t we producing players like Spain? I don’t know’,pat rafter ‘why aren’t produc player like spain don’t know’,"The former tennis No 1 on the current dearth of top Australian players, the excitement surrounding Cruz Hewitt, and a newfound love of padel",former tenni current dearth top australian player excitement surround cruz hewitt newfound love padel
Guardian,https://www.theguardian.com/film/2026/jul/31/marilyn-monroe-dakota-johnson-related-ninth-cousin-three-times-removed,2026-07-31 10:37:14,Hold the front page! Marilyn Monroe is Dakota Johnson’s ninth cousin three times removed,hold front page marilyn monroe dakota johnson’ ninth cousin three time remov,The vogue for celebrity ancestors can be traced back to Robert Pattinson descending from Dracula and Benedict Cumberbatch being related to just about everyone,vogue celebriti ancestor can trac back robert pattinson descend dracula benedict cumberbatch relate just everyone
Guardian,https://www.theguardian.com/global-development/2026/jul/31/the-dead-doctor-and-a-dicey-diet-how-a-ban-made-a-hero-of-egypts-rogue-medic,2026-07-31 06:00:10,The dead doctor and a dicey diet: how a ban made a hero of Egypt’s rogue medic,dead doctor dicei diet ban made hero egypt’ rogue medic,"Diaa al-Awadi claimed insulin was a fraud, smoking was safe and chemotherapy useless. But despite losing his medical licence and dying at early age, his reach continues to grow",diaa alawadi claim insulin fraud smok safe chemotherapi useless despite los medical licence dy earli age reach continue grow
Guardian,https://www.theguardian.com/commentisfree/2026/jul/31/i-study-the-boreal-forest-this-summer-wildfires-came-for-my-home,2026-07-31 06:00:10,I study the boreal forest. This summer wildfires came for my home,studi boreal forest summer wildfire came home,Here are things that will – and will not – help us fight the threat of wildfires,thing will – will – help us fight threat wildfire
Guardian,https://www.theguardian.com/uk-news/2026/jul/31/digested-week-helicopter-marry-bunkerman-train-toilet-roulette,2026-07-31 07:47:11,"Digested week: As wildfires rage, should I buy a helicopter or marry a guy with a bunker?",digest week wildfire rage bui helicopter marri gui bunker,"Plus, train toilet roulette, an astonishingly stoic hiker and the tradwife paradox",plu train toilet roulette astonishingli stoic hiker tradwife paradox
Guardian,https://www.theguardian.com/commentisfree/2026/jul/31/andy-burnham-bounce-green-surge-zack-polanski,2026-07-31 03:00:07,The Burnham bounce is eclipsing the Green surge – and Zack Polanski’s radical hope is being tested,burnham bounce eclips green surge – zack polanski’ radical hope test,"The new PM is enjoying a honeymoon period but, longer-term, the Greens have the freedom to say whatever Labour won’t",new pm enjoi honeymoon period longerterm green freedom sai whatever labour won’t
Guardian,https://www.theguardian.com/commentisfree/2026/jul/31/mccarthyism-trump-surveillance-red-scare,2026-07-31 06:00:10,McCarthyism has returned to the United States – and this time it’s even more dangerous,mccarthyism return unit state – time it’ even dangerou,Trump’s campaign of repression echoes the red scare. But now the government has bigger ambitions and more powerful tools,trump’ campaign repression echoe red scare now government bigger ambition powerful tool
Guardian,https://www.theguardian.com/commentisfree/2026/jul/31/the-guardian-view-on-englands-centralised-state-andy-burnham-must-unbundle-it,2026-07-31 12:32:06,The Guardian view on England’s centralised state: Andy Burnham must unbundle it,guardian view england’ centralis state andi burnham must unbundle,"Devolution should finance transport, skills and industry, not become a rightwing contest to promise the largest tax giveaway",devolution finance transport skill industri become rightw contest promise largest tax giveawai
Guardian,https://www.theguardian.com/football/2026/jul/31/gianni-infantino-fifa-week-that-rocked-the-football-world-world-cup,2026-07-31 20:44:45,"Gianni Infantino, Fifa and the week that rocked the football world",gianni infantino fifa week rock football world,"Ultimately doomed plan for sale of commercial rights to World Cup caused chaos with Uefa, AFC and Concacaf leading the opposition",ultimateli doom plan sale commercial right world cup caus chao uefa afc concacaf lead opposition
Guardian,https://www.theguardian.com/sport/2026/jul/31/georgia-hunter-bell-lilian-odira-2026-commonwealth-games-800m-gold,2026-07-31 17:01:31,Georgia Hunter Bell outruns Odira to win Commonwealth Games 800m gold,georgia hunter bell outrun odira win commonwealth game m gold,"There are late developers in sport, and then there is the brilliant Georgia Hunter Bell, who continues to defy sporting gravity at the age of 32.",late developer sport brilliant georgia hunter bell continue defi sport graviti age
Guardian,https://www.theguardian.com/sport/2026/jul/31/womens-tour-de-france-under-pressure-to-reroute-ventoux-stage-amid-wildfire-risk,2026-07-31 13:13:37,Tour de France Femmes under pressure to reroute Ventoux stage amid wildfire risk,tour de france femme pressure reroute ventoux stage amid wildfire risk,The Tour de France Femmes is facing pressure to reroute part of its key stage to the summit of Mont Ventoux next Friday because of the wildfires threat in Provence.,tour de france femme fac pressure reroute part kei stage summit mont ventoux next fridai wildfire threat provence
Guardian,https://www.theguardian.com/football/2026/jul/31/inter-liverpool-curtis-jones-football-transfer-window,2026-07-31 14:01:46,Inter make new approach to Liverpool for Curtis Jones with £30m offer likely,inter make new approach liverpool curti jone £m offer likeli,"Inter have made another approach for Curtis Jones and are willing to raise their offer for the Liverpool midfielder to €35m (£30m). The Italian champions had a €25m bid for the 25-year-old rejected in June by Liverpool, who value their homegrown player at closer to €40m.",inter made another approach curti jone will raise offer liverpool midfielder €m £m italian champion €m bid yearold reject june liverpool value homegrown player closer €m
Guardian,https://www.theguardian.com/football/2026/jul/31/franco-baresi-was-not-only-the-captain-but-the-moral-heart-of-sacchis-great-milan-team,2026-07-31 08:20:03,Franco Baresi was not only the captain but the moral heart of great Milan team,franco baresi captain moral heart great milan team,The late centre-back defined an era of Italian defending and his collection of honours is eternal proof of his class,late centreback defin era italian defend collection honour eternal proof class
Guardian,https://www.theguardian.com/football/2026/jul/31/arsenal-mikel-arteta-injuries-fatigue-title-defence,2026-07-31 15:00:31,Arsenal’s title defence: keeping tired players fit and the Vinícius question,arsenal’ title defence keep tir player fit viníciu question,Key players have piled up extra minutes at the World Cup and signing Vinícius Júnior would smash their wage structure,kei player pil extra minute world cup sign viníciu júnior smash wage structure
Guardian,https://www.theguardian.com/us-news/2026/jul/31/reflecting-pool-damage-olympian,2026-07-31 19:13:11,Justice department moves to dismiss its charges against Olympian over reflecting pool,justice department move dismiss charge olympian reflect pool,Lawyers now say damage to pool liner attributed to David Hearn instead is result of installation by contractor,lawyer now sai damage pool liner attribut david hearn instead result installation contractor
Guardian,https://www.theguardian.com/politics/video/2026/jul/31/why-undercover-footage-exposing-lobbyists-raises-concerns-for-journalism-video-explainer,2026-07-23 13:52:11,Why undercover footage exposing lobbyists raises concerns for journalism – video explainer,undercover footage expos lobbyist raise concern journalism – video explainer,"A Guardian investigation has revealed that a political lobbying firm, founded by the former electoral strategist for David Cameron and Boris Johnson, secretly pays journalists to write pieces for British newspapers that are favourable to its clients. In a practice that appears to create a back door for private companies to influence public opinion, lobbyists for CT Group, which was co-founded by the campaign strategist Lynton Crosby, told an undercover reporter they had paid journalists to place apparently independent stories in newspapers. In a statement, CT Group said: 'We do not comment publicly on work we do for clients and we therefore cannot respond to the specific allegations you have made.' CT Group said the events had been 'deliberately mischaracterised' and it did not engage the undercover journalist to do anything and did not pay him anything. It said the journalist was looking for work and 'chased us relentlessly over a period of more than six months'",guardian investigation reveal political lobbi firm found former electoral strategist david cameron bori johnson secretli pai journalist write piece british newspaper favourable client practice appear create back door private compani influence public opinion lobbyist ct group cofound campaign strategist lynton crosbi told undercover reporter paid journalist place apparentli independent stori newspaper statement ct group said comment publicli work client therefore respond specific allegation made ct group said event deliberateli mischaracteris engage undercover journalist anyth pai anyth said journalist look work chas us relentlessli period six month
Guardian,https://www.theguardian.com/society/2026/jul/31/hiv-aids-medication-usaid-cuts,2026-07-31 12:29:14,"HIV prevention drug could reduce cases globally but USAID cuts prevent access, say experts",hiv prevention drug reduce case globalli usaid cut prevent access sai expert,Injectable PrEP drug holds promise but investment in HIV prevention has declined dramatically worldwide,injectable prep drug hold promise investment hiv prevention declin dramaticalli worldwide
Guardian,https://www.theguardian.com/us-news/2026/jul/31/f-35b-jet-crash-san-diego,2026-07-31 19:17:46,"Pilot ejects from F-35B jet crash near San Diego marine base, officials say",pilot eject fb jet crash near san diego marine base official sai,Unidentified pilot of F-35B fighter jet receives treatment for non-life-threatening injuries after crash near Miramar,unidentifi pilot fb fighter jet receive treatment nonlifethreaten injuri crash near miramar
Guardian,https://www.theguardian.com/film/2026/jul/31/mahershala-ali-marvel-blade-reboot,2026-07-31 12:50:54,"Mahershala Ali on Marvel’s collapsed Blade reboot: ‘If they wanted to do it, we would’ve done it’",mahershala ali marvel’ collaps blade reboot ‘if want would’ve done it’,Two-time Oscar winner was to take on role of vampire-hunting antihero but said project is no longer happening,twotime oscar winner take role vampirehunt antihero said project longer happen
Guardian,https://www.theguardian.com/music/2026/jul/31/bts-k-pop-economic-boom,2026-07-31 08:00:12,BTS are back: return of K-pop superstars sparks US economic boom,bt back return kpop superstar spark us economic boom,Cities in North America hosting 14 concerts in August and September – and economic impact is set to be significant,citi north america host concert august september – economic impact set significant
Guardian,https://www.theguardian.com/environment/2026/jul/31/speed-of-climate-crisis-devastating-crops-say-farmers,2026-07-31 07:00:12,"‘It’s too fast, too big’: speed of climate crisis is devastating crops, say farmers",‘it’ fast big’ speed climate crisi devastate crop sai farmer,"Drought and extreme heat are killing plants, driving up prices while also making some farms economically unviable",drought extreme heat kill plant driv price also mak farm economicalli unviable
Guardian,https://www.theguardian.com/environment/2026/jul/31/philippines-tingi-zero-waste-shop-reuse-refill-plastic,2026-07-31 00:00:03,Soy sauce refills and reused jars: can Philippines’ tingi culture hold back deluge of plastic waste?,soi sauce refill reus jar can philippines’ tingi culture hold back deluge plastic waste,A zero-waste shop set up by a district council provides plastic-free products at affordable prices in a country that gets through 164m sachets a day,zerowaste shop set district council provide plasticfree product affordable price countri get m sachet dai
Guardian,https://www.theguardian.com/environment/2026/jul/31/weather-tracker-wisconsin-rare-tornado-meteotsunami-heat-europe,2026-07-31 04:40:26,Weather tracker: Wisconsin hit by rare tornado and meteotsunami,weather tracker wisconsin hit rare tornado meteotsunami,"Unusual atmospheric phenomenon causes widespread damage in US state, while heat continues to grip Europe",unusual atmospheric phenomenon cause widespread damage us state heat continue grip europe
Guardian,https://www.theguardian.com/world/2026/jul/30/europe-burns-france-spain-visual-guide-wildfires,2026-07-31 12:36:26,Europe burns: a visual guide to the wildfires,europe burn visual guide wildfire,"Ferocious flames continue to rage in parts of France and Spain, with no sign of abating. We chart the destruction in graphics and pictures",ferociou flame continue rage part france spain sign abate chart destruction graphic picture
Guardian,https://www.theguardian.com/society/2026/jul/31/high-court-clinical-trial-puberty-blockers-children,2026-05-22 10:00:01,High court clears way for clinical trial giving puberty blockers to children,high court clear wai clinical trial giv puberti blocker children,Legal challenge to King’s College London research study claimed it could harm participants but was rejected,legal challenge king’ college london research studi claim harm participant reject
Guardian,https://www.theguardian.com/politics/2026/jul/31/andy-burnham-risks-labour-revolt-north-sea-drilling-rosebank-jackdaw-climate,2026-03-04 11:52:41,Burnham risks first revolt as PM over apparent support for North Sea drilling,burnham risk first revolt pm apparent support north sea drill,Labour MPs fear No 10 team lack up-to-date energy insight and don’t fully recognise voters’ climate concerns,labour mp fear team lack uptodate energi insight don’t fulli recognise voters’ climate concern
Guardian,https://www.theguardian.com/business/2026/jul/31/bp-north-sea-oil-and-gas-business-up-for-sale,2026-06-02 07:13:00,BP puts North Sea oil and gas business up for sale,bp put north sea oil ga business sale,"Move will end six decades of production in area, as new CEO tries to simplify company and cut debt",move will end six decade production area new ceo tri simplifi compani cut debt
Guardian,https://www.theguardian.com/music/2026/jul/31/nick-cave-thrills-brighton-secret-rooftop-gig,2026-07-31 12:20:52,"‘He lived here a long time, so it feels poignant’: Nick Cave thrills Brighton passersby with secret rooftop gig",‘he liv long time feel poignant’ nick cave thrill brighton passersbi secret rooftop gig,"Prior to playing huge outdoor show in city’s Preston Park, Nick Cave and the Bad Seeds set up on a record shop balcony – and play to fans visiting from across the world",prior plai huge outdoor show city’ preston park nick cave bad seed set record shop balconi – plai fan visit across world
Guardian,https://www.theguardian.com/us-news/2026/jul/31/trump-branded-us-passports,2026-07-31 08:52:19,State department to offer Trump-branded US passports nationwide,state department offer trumpbrand us passport nationwide,"Passports with the president’s portrait, previously only available in DC, will be offered at 27 agencies nationwide",passport president’ portrait previousli available dc will offer agenci nationwide
Guardian,https://www.theguardian.com/global-development/2026/jul/31/ebola-outbreak-in-drc-the-fastest-growing-in-the-history-of-the-virus,2026-07-31 04:00:08,Ebola outbreak in DRC the fastest growing in the history of the virus,ebola outbreak drc fastest grow histori viru,"As the death toll rises to almost 1,500, and with a vaccine against the Bundibugyo strain potentially still months away, health workers face a battle to slow the outbreak",death toll rise almost vaccine bundibugyo strain potentialli still month awai health worker face battle slow outbreak
Guardian,https://www.theguardian.com/us-news/2026/jul/31/gavin-newsom-california-tax-release,2026-07-31 14:22:33,Gavin Newsom reveals personal income of $1.7m-$2m in tax return release,gavin newsom reveal personal income mm tax return release,"California governor and wife, Jennifer Siebel Newsom, release 2022-2024 filings amid Trump investigation",california governor wife jennifer siebel newsom release fil amid trump investigation
Guardian,https://www.theguardian.com/us-news/2026/jul/31/unaccompanied-children-manhattan-immigration-court,2026-07-31 06:00:11,Inside the New York court where children face deportation without access to attorneys,inside new york court children face deportation without access attornei,"About 20,000 unaccompanied minors will lose legal representation if the federal government ends a longstanding contract on Friday, kicking current problems into overdrive across US",unaccompani minor will lose legal representation federal government end longstand contract fridai kick current problem overdrive across us
Guardian,https://www.theguardian.com/music/2026/jul/31/glen-hansard-obituary,2026-07-31 12:21:25,Glen Hansard obituary,glen hansard obituari,"Oscar-winning singer, songwriter, actor and founder of the Dublin rock band the Frames",oscarwin singer songwriter actor founder dublin rock band frame
Guardian,https://www.theguardian.com/film/2026/jul/31/i-was-born-without-self-esteem-hannah-einbinder-on-hacks-her-buzzy-queer-horror-and-being-hollywoods-most-outspoken-star,2026-07-31 03:00:07,"‘I was born without self-esteem’: Hannah Einbinder on Hacks, her buzzy queer horror – and being Hollywood’s most outspoken star",‘i born without selfesteem’ hannah einbinder hack buzzi queer horror – hollywood’ outspoken star,The Hacks lead was cast in meta-slasher sensation Teenage Sex and Death at Camp Miasma for her ‘deranged physicality’ – but it’s a fitting role for an actor who has made a point of confronting shame and speaking her mind,hack lead cast metaslasher sensation teenage sex death camp miasma ‘derang physicality’ – it’ fit role actor made point confront shame speak mind
Guardian,https://www.theguardian.com/film/2026/jul/31/actor-vicky-krieps-interview-love-me-tender-movie-phantom-thread-corsage,2026-07-31 08:00:13,"‘Change is happening! I can cut off my hair and misbehave’: Vicky Krieps on rage, rebellion, and rejecting Hollywood",‘change happen can cut hair misbehave’ vicki kriep rage rebellion reject hollywood,"After her star turn in Phantom Thread, everyone expected a move to Tinseltown – but the actor embraced indie European films instead. It’s because of a lifelong instinct to be bold, she says",star turn phantom thread everyone expect move tinseltown – actor embrac indie european film instead it’ lifelong instinct bold sai
Guardian,https://www.theguardian.com/film/2026/aug/01/summersault-tour-australia-best-summer-documentary-film,2026-07-31 11:00:17,"On tour with the Beastie Boys, Sonic Youth and Foo Fighters: raw music documentary captures Australia’s ‘best summer’",tour beastie boi sonic youth foo fighter raw music documentari capture australia’ ‘best summer’,"In 1995, US film-maker Tamra Davis travelled to Australia to capture the one-off Summersault tour on her camcorder. Thirty years on she has made The Best Summer, an intimate snapshot of an era that can never be repeated",us filmmaker tamra davi travell australia capture oneoff summersault tour camcorder thirti year made best summer intimate snapshot era can never repeate
Guardian,https://www.theguardian.com/film/2026/jul/31/ryan-gosling-ghost-rider-marvel-week-in-geek,2026-07-31 06:47:59,"Ryan Gosling is entering the Marvel Cinematic Universe – on a motorbike, in flames, wearing a leather jacket. What could go wrong?",ryan gosl enter marvel cinematic universe – motorbike flame wear leather jacket go wrong,"After coveting the role for years, Gosling has been announced as the new Ghost Rider – a superhero stunt rider with powers bestowed by Satan. Is this a smart move all round or has he sold his soul to the devil?",covet role year gosl announc new ghost rider – superhero stunt rider power bestow satan smart move round sold soul devil
Guardian,https://www.theguardian.com/tv-and-radio/2026/jul/30/dont-date-brandon-review-this-lazy-true-crime-show-doesnt-start-to-do-justice-to-these-womens-horrors,2026-07-30 18:00:55,Don’t Date Brandon review – this lazy true-crime show doesn’t start to do justice to these women’s horrors,don’t date brandon review – lazi truecrime show doesn’t start justice women’ horror,The tale of the women who came together to unpick the destructive swathe that one man cut through his local dating pool is woefully lacking in the detail you need to understand their plight. It feels voyeuristic and misguided,tale women came together unpick destructive swathe one man cut local date pool woefulli lack detail need understand plight feel voyeuristic misguid
Guardian,https://www.theguardian.com/music/2026/jul/31/rachel-chinouriri-interview-favourite-uk-pop-star-second-album,2026-07-31 00:00:04,"‘I was so self-assured in my early 20s. Then my frontal lobe hit’: Rachel Chinouriri, every pop star’s favourite UK pop star",‘i selfassur earli s frontal lobe hit’ rachel chinouriri everi pop star’ favourite uk pop star,"​She faced racist bullying as a child – then pigeonholing as an artist. Now following up a hit debut album championed by the A-list, the Croydon singer-songwriter says she finally understands who she really is",​she fac racist bulli child – pigeonhol artist now follow hit debut album champion alist croydon singersongwriter sai finalli understand realli
Guardian,https://www.theguardian.com/music/2026/jul/31/arca-xxxxx-review,2026-07-31 04:30:08,"Arca: XXXXX review – a wild, brilliant album that taps into our bodies’ most feral frequencies",arca xxxxx review – wild brilliant album tap bodies’ feral frequenci,"(XL) In the follow-up to her Kick series, Arca jumbles the building blocks of electronic music to create a beautiful, disorienting sound world",xl followup kick seri arca jumble build block electronic music create beautiful disorient sound world
Guardian,https://www.theguardian.com/music/2026/jul/30/the-kinks-40-greatest-songs-ranked,2026-07-30 09:00:14,Dedicated followers of passion: the Kinks’ 40 greatest songs – ranked!,dedicate follower passion kinks’ greatest song – rank,"To coincide with a new exhibition in London about the Davies brothers, we rate the best of a band who brought a sociologist’s eye to hard rock, gentle pastoralia and so much in between",coincide new exhibition london davi brother rate best band brought sociologist’ eye hard rock gentle pastoralia much
Guardian,https://www.theguardian.com/music/2026/jul/31/john-tilbury-at-home-album-review-another-timbre,2026-07-31 02:30:06,John Tilbury: At Home album review – an eclectic and extraordinary treasure trove,john tilburi home album review – eclectic extraordinari treasure trove,"John Tilbury (Another Timbre, four CDs) The great interpreter of Morton Feldman and a towering figure of experimental music signs off with four discs of intimate, revelatory recordings",john tilburi another timbre four cd great interpreter morton feldman tower figure experimental music sign four disc intimate revelatori record
Guardian,https://www.theguardian.com/books/2026/jul/31/what-were-reading-writers-and-readers-on-the-books-they-enjoyed-in-july,2026-07-31 07:00:11,What we’re reading: writers and readers on the books they enjoyed in July,we’re read writer reader book enjoi juli,"Max Porter, Daisy Johnson, Avni Doshi and Guardian readers discuss the titles they have read over the last month. Join the conversation in the comments",max porter daisi johnson avni doshi guardian reader discuss title read last month join conversation comment
Guardian,https://www.theguardian.com/books/2026/jul/31/the-best-recent-poetry-review-roundup,2026-07-31 07:00:11,The best recent poetry – review roundup,best recent poetri – review roundup,Small Birds Singing by Matthew Welton; The Channel by Jana Prikryl; Stepmother by Helen Mort; Drunken Driving by Martina Evans,small bird sing matthew welton channel jana prikryl stepmother helen mort drunken driv martina evan
Guardian,https://www.theguardian.com/books/2026/jul/31/jacqueline-crooks-toni-morrisons-voice-made-me-want-to-find-my-own,2026-07-31 05:00:10,Jacqueline Crooks: ‘Toni Morrison’s voice made me want to find my own’,jacqueline crook ‘toni morrison’ voice made want find own’,"The novelist on learning empathy from Charles Dickens, the playfulness of Irenosen Okojie and avoiding Jane Austen",novelist learn empathi charle dicken playfulness irenosen okojie avoid jane austen
Guardian,https://www.theguardian.com/books/2026/jul/31/jacaranda-by-gael-faye-review-the-limits-of-forgiveness-after-rwanda,2026-07-31 02:00:06,Jacaranda by Gaël Faye review – the limits of forgiveness after Rwanda,jacaranda gaël faye review – limit forgiveness rwanda,This bold family saga explores a search for healing and truth in the aftermath of the Rwanda genocide,bold famili saga explore search heal truth aftermath rwanda genocide
Guardian,https://www.theguardian.com/games/2026/jul/31/my-family-is-coming-apart-so-its-time-for-one-last-video-game-session,2026-07-31 05:00:10,My family is coming apart – so it’s time for one last video game session,famili com apart – it’ time one last video game session,I wanted our last family games night to be the best fun we’ve ever had. Maybe we should have stuck with Mario Kart …,want last famili game night best fun we’ve ever maybe stuck mario kart …
Guardian,https://www.theguardian.com/games/2026/jul/31/clean-start-thought-provoking-tidying-sim-tells-immigrants-tale,2026-07-31 07:00:13,‘A universal human story’: Clean Start’s thought-provoking tidying sim tells immigrant’s tale,‘a universal human story’ clean start’ thoughtprovok tidi sim tell immigrant’ tale,"Playing as recent arrival Lena, your challenges include learning a new language and uncovering family secrets – its developer hopes it will spread ‘a little more compassion’",plai recent arrival lena challenge include learn new language uncover famili secret – developer hope will spread ‘a little compassion’
Guardian,https://www.theguardian.com/games/2026/jul/31/charity-shop-video-games-singstar-take-that,2026-07-31 04:00:08,SingStar Take That anyone? The strange joy of charity shop video games,singstar take anyone strange joi chariti shop video game,"Hidden gems can be unearthed, but you have to dig deep into the bargain bins of countless outdated Fifas, Wii Fits without the controllers and partially finished quizshow games",hidden gem can unearth dig deep bargain bin countless outdate fifa wii fit without controller partialli finish quizshow game
Guardian,https://www.theguardian.com/games/2026/jul/30/halo-campaign-evolved-review-they-dont-make-em-like-this-any-more,2026-07-30 03:00:56,Halo: Campaign Evolved review – they don’t make ‘em like this any more,halo campaign evolv review – don’t make ‘em like,"PC, Xbox, PlayStation 5; Halo Studios/Xbox Game Studios Halo’s modernised introduction to all that was great about the 00s’ first-person shooter is also a welcome return trip for those of us who were there at the time",pc xbox playstation halo studiosxbox game studio halo’ modernis introduction great s’ firstperson shooter also welcome return trip us time
Guardian,https://www.theguardian.com/film/2026/jul/30/its-the-meryl-streep-of-the-orchestra-why-cinema-loves-the-cello,2026-07-30 10:00:16,‘It’s the Meryl Streep of the orchestra’: why cinema loves the cello,‘it’ meryl streep orchestra’ cinema love cello,"From Audrey Hepburn to Pedro Pascal, cellists have become a movie shorthand for sensitivity, intensity and emotional depth. But why has Hollywood turned one orchestral instrument into a character in its own right?",audrei hepburn pedro pascal cellist become movie shorthand sensitiviti intensiti emotional depth hollywood turn one orchestral instrument character right
Guardian,https://www.theguardian.com/music/2026/jul/30/freudian-trip-how-psychoanalysis-and-skydiving-are-helping-aurora-orchestra-open-up-mahlers-first,2026-07-30 07:00:14,Freudian trip: how psychoanalysis and skydiving are helping Aurora orchestra open up Mahler’s First,freudian trip psychoanalysi skydiv help aurora orchestra open mahler’ first,"When Mahler premiered his first symphony, it left audiences baffled. For their latest Prom, Aurora are bringing it to life – with the help of Sigmund Freud",mahler premier first symphoni left audience baffl latest prom aurora bring life – help sigmund freud
Guardian,https://www.theguardian.com/film/2026/jul/30/tomi-adeyemi-children-of-blood-and-bone-film-adaptation-worst-thing-ive-ever-lived-through-hyperventilating-sobbing,2026-07-30 12:34:35,‘I was hyperventilating and sobbing’: Tomi Adeyemi says Children of Blood and Bone film ‘the worst thing I’ve ever lived through’,‘i hyperventilate sobbing’ tomi adeyemi sai children blood bone film ‘the worst thing i’ve ever liv through’,Author of books behind forthcoming film starring Viola Davis and Idris Elba appears to have had disagreement with cast member Amandla Stenberg,author book behind forthcom film star viola davi idri elba appear disagreement cast member amandla stenberg
Guardian,https://www.theguardian.com/lifeandstyle/2026/jul/31/public-space-gardeners-hepworth-eden-nature-garden-green-estate,2026-07-31 06:30:11,"‘If a space is cared for, everything improves’: Meet four gardeners transforming their urban communities",‘if space car everyth improves’ meet four gardener transform urban communiti,"From improving biodiversity to managing antisocial behaviour, the benefits of greening towns and cities are massive. These names are leading the charge…",improv biodiversiti manag antisocial behaviour benefit green town citi massive name lead charge…
Guardian,https://www.theguardian.com/world/2026/jul/31/china-ai-jobs-workers-labour-market-technology,2026-07-30 22:22:05,Could AI take your job? Some workers in China already know the answer,ai take job worker china alreadi know answer,"Across the country, workers are fearful about the impact of AI on their livelihoods in an increasingly fragile labour market",across countri worker fearful impact ai livelihood increasingli fragile labour market
Guardian,https://www.theguardian.com/food/2026/jul/31/papa-doble-recipe-the-culpeper-cocktail-of-the-week,2026-07-31 08:00:13,Cocktail of the week: the Culpeper’s papa doble – recipe,cocktail week culpeper’ papa doble – recipe,Cherry pops and citrus zings in this twist on a Hemingway special,cherri pop citru zing twist hemingwai special
Guardian,https://www.theguardian.com/food/2026/jul/31/summer-berry-dutch-baby-recipe-benjamina-ebuehi,2026-07-31 01:00:05,Benjamina Ebuehi’s summer berry dutch baby recipe,benjamina ebuehi’ summer berri dutch babi recipe,Think giant sweet yorkshire pud filled with a lake of summer berry compote … that’s some brunch!,think giant sweet yorkshire pud fill lake summer berri compote … that’ brunch
Guardian,https://www.theguardian.com/food/video/2026/jul/30/what-are-third-culture-bakeries,2026-07-30 06:54:54,Flavour fusion in London's buzziest bakeries  – video,flavour fusion london buzziest bakeri – video,"Restaurant critic and award-winning author Jimi Famurewa visits the best London bakeries where family food traditions  meet contemporary British baking. First stop: Panadera in Soho, for a Filipino-inspired leche flan Danish. Then it’s south-east London and Bunhead, where the owner folds together the flavours of her Palestinian and British heritage into a chocolate, date and smoked salt bun. Finally, Farha in east London, a Middle Eastern-inspired cafe selling out of its banana brûlée.",restaurant critic awardwin author jimi famurewa visit best london bakeri famili food tradition meet contemporari british bak first stop panadera soho filipinoinspir leche flan danish it’ southeast london bunhead owner fold together flavour palestinian british heritage chocolate date smok salt bun finalli farha east london middle easterninspir cafe sell banana brûlée
Guardian,https://www.theguardian.com/food/2026/jul/30/why-catarratto-is-the-quincy-jones-of-white-wine-grapes,2026-07-30 08:00:13,Why catarratto is the Quincy Jones of white wine grapes,catarratto quinci jone white wine grape,"It is often the key secret ingredient in a lot of white wines, but the unsung hero of Sicily’s vineyards is taking its place in the sun",often kei secret ingredient lot white wine unsung hero sicily’ vineyard tak place sun
Guardian,https://www.theguardian.com/fashion/2026/jul/31/alternative-wedding-gowns-experimental-era-bride,2026-07-24 12:31:42,Here comes the alt-bride: wedding gowns enter a more experimental era,come altbride wed gown enter experimental era,Celebrities including Charli xcx and Gabbriette and avant-garde brands honour tradition while also rejecting it,celebriti includ charli xcx gabbriette avantgarde brand honour tradition also reject
Guardian,https://www.theguardian.com/fashion/2026/jul/30/luxury-is-coming-for-our-teeth-but-should-we-really-be-paying-20-for-a-tube-of-toothpaste,2026-07-31 02:00:06,Luxury is coming for our teeth – but should we really be paying £20 for a tube of toothpaste?,luxuri com teeth – realli pai £ tube toothpaste,"Minty fresh flavours are out, gold plated toothbrushes are in, and dental experts are sceptical",minti fresh flavour gold plate toothbrushe dental expert sceptical
Guardian,https://www.theguardian.com/fashion/2026/jul/29/jess-cartner-morley-on-fashion-summer-layering-crochet,2026-07-29 09:00:33,Jess Cartner-Morley on fashion: the secret to summer layering? Sheer bravery,jess cartnermorlei fashion secret summer layer sheer braveri,Adding layers doesn’t have to leave you a hot mess – think sheer scarves and crochet with flashes of colour to elevate your look,ad layer doesn’t leave hot mess – think sheer scarve crochet flashe colour elevate look
Guardian,https://www.theguardian.com/news/2026/jul/29/braiding-hair-used-to-be-low-maintenance-and-budget-friendly-what-happened,2026-07-29 08:00:32,Braiding used to be low maintenance and budget-friendly. What happened?,braid us low maintenance budgetfriendli happen,"Every time I get my hair done, I find myself confronted with rising costs, and dizzyingly long maintenance regimes",everi time get hair done find confront ris cost dizzyingli long maintenance regime
Guardian,https://www.theguardian.com/lifeandstyle/2026/jul/31/should-i-leave-my-polyamorous-relationship-if-i-want-to-start-a-family,2026-07-30 11:00:17,Should I leave my polyamorous relationship if I want to start a family?,leave polyamorou relationship want start famili,"Polyamory is supposed to be about abundance, writes advice columnist Eleanor Gordon-Smith . But your partner’s behaviour risks making it a zero-sum arrangement",polyamori suppos abundance write advice columnist eleanor gordonsmith partner’ behaviour risk mak zerosum arrangement
Guardian,https://www.theguardian.com/lifeandstyle/2026/jul/30/you-be-the-judge-should-my-brother-stop-hogging-the-living-room-while-staying-in-my-flat,2026-07-30 03:00:55,You be the judge: should my brother stop hogging the living room while staying in my flat?,judge brother stop hog liv room stai flat,Daniella doesn’t want to go to bed early. Seamus says she shouldn’t offer the sofabed if she doesn’t want guests. Who has room for improvement?,daniella doesn’t want go bed earli seamu sai shouldn’t offer sofab doesn’t want guest room improvement
Guardian,https://www.theguardian.com/lifeandstyle/2026/jul/26/this-is-how-we-do-it-mismatched-libido-depression-self-worth,2026-07-26 06:00:08,"This is how we do it: ‘I could have sex every day, but he says no about 80% of the time’",‘i sex everi dai sai time’,"Will’s lack of self-worth is creating a barrier between him and Fi, but talking more could help them adjust to their mismatched libidos",will’ lack selfworth create barrier fi talk help adjust mismatch libido
Guardian,https://www.theguardian.com/lifeandstyle/2026/jul/27/the-kindness-of-strangers-when-mum-was-hospitalised-on-a-family-holiday-our-hotels-owners-were-heaven-sent,2026-07-30 16:00:53,"The kindness of strangers: When Mum was hospitalised on a family holiday, our hotel’s owners were heaven-sent",kindness stranger mum hospitalis famili holidai hotel’ owner heavensent,"I was just 10 at the time but my siblings and I will never forget the sense of safety, comfort and warmth they offered",just time sible will never forget sense safeti comfort warmth offer
Guardian,https://www.theguardian.com/us-news/ng-interactive/2026/jul/30/peptide-fda-rfk-jr-drug-regulation,2026-07-30 10:21:19,‘It’s a peptide wild west’: how RFK Jr is clearing way for a market of untested drugs,‘it’ peptide wild west’ rfk jr clear wai market untest drug,"A century ago, compounding pharmacies helped people get bespoke drugs. Now these less-regulated businesses are fueling the peptide boom",centuri ago compound pharmaci help people get bespoke drug now lessregulate business fuel peptide boom
Guardian,https://www.theguardian.com/wellness/2026/jul/28/tips-sleeping-hot-weather,2026-07-28 12:00:07,How to get a good night’s sleep in hot weather – and why it’s so hard,get good night’ sleep hot weather – it’ hard,Avoid espresso martinis and wear the right pyjamas: experts give tips on how to sleep when it’s hot outside,avoid espresso martini wear right pyjama expert give tip sleep it’ hot outside
Guardian,https://www.theguardian.com/wellness/2026/jul/27/women-heart-attack-symptoms-testing,2026-07-27 12:35:40,I work in a hospital – and didn’t know I was having a heart attack. Here’s what more women should know,work hospital – didn’t know heart attack here’ women know,Women and men exhibit different heart attack symptoms. Knowing these lesser-known factors can help save your life,women men exhibit different heart attack symptom know lesserknown factor can help save life
Guardian,https://www.theguardian.com/lifeandstyle/2026/jul/27/is-it-true-that-sit-ups-best-exercise-abs,2026-07-27 03:00:33,Is it true that … sit-ups are the best exercise for abs?,true … situp best exercise ab,"The classic gym routine doesn’t isolate your stomach muscles as much as you might think, but here are five that will",classic gym routine doesn’t isolate stomach muscle much might think five will
Guardian,https://www.theguardian.com/lifeandstyle/2026/jul/31/experience-i-drive-a-bus-for-dogs,2026-07-31 00:00:04,Experience: I drive a bus for dogs,experience drive bu dog,"I worked with children for years, so the noise doesn’t bother me. You know you’ve done a good job if they’re quiet on the way home",work children year noise doesn’t bother know you’ve done good job they’re quiet wai home
Guardian,https://www.theguardian.com/travel/2026/jul/31/readers-favourite-travel-trips-inspired-by-a-book-writers,2026-07-31 02:00:06,Literary escapes: your favourite trips inspired by books,literari escape favourite trip inspir book,"From Dervla Murphy’s Northern Ireland to Elena Ferrante’s Naples, readers share the stories that inspired them to travel Tell us about a trip to Europe’s lakes and mountains – the best tip wins a £200 holiday voucher",dervla murphy’ northern ireland elena ferrante’ naple reader share stori inspir travel tell us trip europe’ lake mountain – best tip win £ holidai voucher
Guardian,https://www.theguardian.com/news/2026/jul/31/weatherwatch-drone-base-station-offers-alternative-weather-balloons,2026-07-31 01:00:04,Drones offer alternative to balloons for weather research,drone offer alternative balloon weather research,Pre-programmed flights gather data at different altitudes then return to bases to recharge and download,preprogram flight gather data different altitude return base recharge download
Guardian,https://www.theguardian.com/global-development/2026/jul/30/spain-morocco-human-trafficking-modern-slavery-farm,2026-07-30 05:00:10,‘Why are you doing this to me?’: how one woman survived two years of slavery on a Spanish farm,‘why me’ one woman surviv two year slaveri spanish farm,"Fatima left her family behind in Morocco for seasonal work in Spain. But the dreams of a better life quickly turned into exploitation, squalid conditions and violence",fatima left famili behind morocco seasonal work spain dream better life quickli turn exploitation squalid condition violence
Guardian,https://www.theguardian.com/world/2026/jul/30/ukraine-kyiv-replace-lenin-statue-with-cossack-chief-ivan-mazepa,2026-07-30 13:40:29,‘Lenin was an enemy of humanity’: Why Kyiv wants to put Cossack chief statue in place of Soviet leader,‘lenin enemi humanity’ kyiv want put cossack chief statue place soviet leader,"Removal of Soviet-era statues sped up when Russia seized Crimea in 2014, and since Putin’s 2022 invasion has moved at pace as Ukrainians question their identity",removal sovietera statue sped russia seize crimea since putin’ invasion mov pace ukrainian question identiti
Guardian,https://www.theguardian.com/wellness/2026/jul/29/sarah-wilson-book-interview,2026-07-29 12:00:37,Your worst fears about cultural collapse might be true – here’s what you can do about it,worst fear cultural collapse might true – here’ can,Writer Sarah Wilson argues we’re hurtling toward the same end as ancient Rome and the Mayan civilisation – but there’s plenty to fight for,writer sarah wilson argue we’re hurtl toward end ancient rome mayan civilisation – there’ plenti fight
Guardian,https://www.theguardian.com/business/2026/mar/04/maritime-and-port-workers-how-is-the-middle-east-conflict-affecting-you,2026-07-14 11:21:35,"We’d like to speak to maritime, port workers, their friends and family about how the Middle East conflict is affecting them",we’d like speak maritime port worker friend famili middle east conflict affect,"We want to hear from those working or living at sea, including maritime workers, sailors, port staff and family about how the situation is affecting their work",want hear work liv sea includ maritime worker sailor port staff famili situation affect work
Guardian,https://www.theguardian.com/lifeandstyle/2026/jul/22/tell-us-your-oldest-household-appliances,2026-07-22 11:41:25,Tell us about your oldest household appliances,tell us oldest household appliance,"We would love to hear about your workhorse appliances, why they’re so impressive and how long you’ve had them",love hear workhorse appliance they’re impressive long you’ve
Guardian,https://www.theguardian.com/science/2026/jul/28/tell-us-have-you-tried-glp-1s-but-they-havent-worked,2026-07-28 06:05:58,Tell us: have you tried GLP-1s but they haven’t worked?,tell us tri glp haven’t work,"We would like to hear from people for whom GLP-1 drugs, such as Wegovy and Mounjaro, have not worked",like hear people glp drug wegovi mounjaro work
Guardian,https://www.theguardian.com/tv-and-radio/2026/jul/22/tell-us-your-favourite-happy-tv-show-ending,2026-07-22 09:29:48,Tell us your happiest TV show ending,tell us happiest tv show end,We would like to hear about the endings of TV series that brought you the most joy,like hear end tv seri brought joi
Guardian,https://www.theguardian.com/global/2022/sep/20/sign-up-for-the-first-edition-newsletter-our-free-news-email,2022-09-20 06:16:38,Sign up for the First Edition newsletter: our free daily news email,sign first edition newsletter free daili new email,Wake up to the top stories and what they mean – free to your inbox every weekday morning at 7am,wake top stori mean – free inbox everi weekdai morn
Guardian,https://www.theguardian.com/info/2022/nov/14/football-daily-email-sign-up,2015-12-08 08:11:43,Sign up for the Football Daily newsletter: our free football email,sign football daili newsletter free football email,Kick off your afternoon with the Guardian’s take on the world of football,kick afternoon guardian’ take world football
Guardian,https://www.theguardian.com/food/2019/jul/09/sign-up-for-the-feast-newsletter-our-free-guardian-food-email,2019-07-09 04:19:21,Sign up for the Feast newsletter: our free Guardian food email,sign feast newsletter free guardian food email,A weekly email from our star chefs featuring the latest recipes and seasonal eating ideas,weekli email star chef featur latest recipe seasonal eate idea
Guardian,https://www.theguardian.com/global/2024/oct/16/sign-up-for-the-long-wave-newsletter-our-weekly-black-life-and-culture-email,2024-10-16 08:47:09,Sign up for The Long Wave newsletter: our weekly Black life and culture email,sign long wave newsletter weekli black life culture email,Nesrine Malik delivers your weekly dose of Black life and culture from around the world,nesrine malik deliver weekli dose black life culture around world
Guardian,https://www.theguardian.com/news/gallery/2026/jul/31/robots-on-parade-and-a-german-warship-wreck-photos-of-the-day-friday,2026-07-31 06:55:57,Robots on parade and a German warship wreck: photos of the day – Friday,robot parade german warship wreck photo dai – fridai,The Guardian’s picture editors select photographs from around the world,guardian’ picture editor select photograph around world
Guardian,https://www.theguardian.com/news/2026/jul/31/archbishop-of-canterbury-support-pledge-helping-communities-enslavement,2026-07-31 07:38:46,Archbishop of Canterbury vows to support £100m pledge helping communities affected by enslavement,archbishop canterburi vow support £m pledge help communiti affect enslavement,"During visit to Ghana, Sarah Mullally expresses regret and says controversial fund symbolises Christian belief in repentance",visit ghana sarah mullalli express regret sai controversial fund symbolise christian belief repentance
Guardian,https://www.theguardian.com/us-news/2026/jul/30/government-map-mislabels-african-countries,2026-07-30 18:48:02,US government map of Africa mislabels every country at global conference,us government map africa mislabel everi countri global conference,"State department ‘takes full responsibility’ for erroneous, widely shared chart displayed at Aids conference in Brazil",state department ‘take full responsibility’ erroneou wideli shar chart displai aid conference brazil
Guardian,https://www.theguardian.com/environment/2026/jul/30/elephant-deaths-kenya-park-cyanide-poisoning-wildlife,2026-07-30 08:46:50,Fifteen elephant deaths in Kenya may be due to cyanide poisoning,fifteen elephant death kenya mai due cyanide poison,"Analysis of samples collected from carcasses found traces of toxic chemical compound, says Kenya Wildlife Service",analysi sample collect carcass found trace toxic chemical compound sai kenya wildlife service
Guardian,https://www.theguardian.com/world/2026/jul/28/canadians-us-travel-drop-trump,2026-07-28 12:46:05,Canadians spent $3.3bn less on travel to US in 2025 after Trump’s return to office,canadian spent bn less travel us trump’ return office,Data shows Canadians have replaced US vacations with other international trips in apparent rebuke to Trump,data show canadian replac us vacation international trip apparent rebuke trump
Guardian,https://www.theguardian.com/world/2026/jul/28/wildfires-europe-north-america-effects,2026-07-31 12:36:26,Past fires suggest effects of Europe and North America wildfires may linger for years,past fire suggest effect europe north america wildfire mai linger year,"Three years after Maui wildfires many still struggle with ‘biological, emotional and social consequences’, study says",three year maui wildfire mani still struggle ‘biological emotional social consequences’ studi sai
Guardian,https://www.theguardian.com/world/2026/jul/28/javier-milei-accuses-us-democrats-of-financing-anti-argentina-campaign-at-world-cup,2026-04-09 07:55:33,Javier Milei accuses US Democrats of financing ‘anti-Argentina campaign’ at World Cup,javier milei accuse us democrat financ ‘antiargentina campaign’ world cup,President also blames Brazil and Mexico and says online critics ‘do not want the ideas of freedom to succeed’,president also blame brazil mexico sai online critic ‘do want idea freedom succeed’
Guardian,https://www.theguardian.com/world/2026/jul/27/pinochet-era-soldier-jailed-for-killing-folk-singer-victor-jara-chile,2026-07-27 12:27:44,Pinochet-era soldier jailed for killing folk singer Víctor Jara 53 years ago,pinochetera soldier jail kill folk singer víctor jara year ago,"Nelson Haase Mazzei was sentenced for murdering Jara in 2023, but fled from authorities in Chile",nelson haase mazzei sentenc murder jara fled authoriti chile
Guardian,https://www.theguardian.com/business/live/2026/jul/31/bp-sell-north-sea-ai-record-korea-kospi-stock-market-latest-news-updates,,FTSE 100 on track for best month since first US attacks on Iran five months ago – as it happened,ftse track best month since first us attack iran five month ago – happen,"Live, rolling coverage as London’s biggest companies defy Middle East disruption and UK petrol prices rise to around £1.60 per litre, the highest since Donald Trump ordered renewed strikes",live roll coverage london’ biggest compani defi middle east disruption uk petrol price rise around £ per litre highest since donald trump order renew strike
Guardian,https://www.theguardian.com/world/2026/jul/30/japan-earthquake-death-toll-rises,2026-07-29 05:30:41,Death toll in Japan earthquake rises to 30 as aftershock and heat hamper rescue efforts,death toll japan earthquake rise aftershock heat hamper rescue effort,"Soldiers and emergency teams search damaged shopping centre, paper mill and homes for survivors",soldier emergenci team search damag shop centre paper mill home survivor
Guardian,https://www.theguardian.com/world/live/2026/jul/29/sanae-takaichi-rescue-trapped-shopping-centre-mall-japan-earthquake-latest-news-updates,,Rescue teams face ‘race against time’ in search for trapped survivors as death toll in Japan rises to at least 13 – as it happened,rescue team face ‘race time’ search trap survivor death toll japan rise least – happen,Emergency workers are continuing their search for survivors in southern Japan after yesterday’s powerful earthquake,emergenci worker continu search survivor southern japan yesterday’ powerful earthquake
Guardian,https://www.theguardian.com/world/2026/jul/29/japan-earthquake-stories-people-survival-loss-hikawa-uki,2026-07-30 02:49:55,‘The shaking was terrifying’: stories of survival and loss emerge after Japan earthquake,‘the shak terrifying’ stori survival loss emerge japan earthquake,Rescuers pulling people from the wreckage in southern Japan in a haunting repeat of disaster that struck 10 years ago,rescuer pull people wreckage southern japan haunt repeat disaster struck year ago
Guardian,https://www.theguardian.com/australia-news/2026/aug/01/petrol-prices-on-track-to-top-2-a-litre-as-bowen-sounds-death-knell-for-fuel-excise-relief,2026-07-31 22:22:49,Petrol prices on track to top $2 a litre as Bowen sounds death knell for fuel excise relief,petrol price track top litre bowen sound death knell fuel excise relief,"Petrol now costs more than $1.90 a litre in every capital city, with diesel expected to exceed $2.40 a litre",petrol now cost litre everi capital citi diesel expect excee litre
Guardian,https://www.theguardian.com/business/2026/aug/01/adani-to-pay-no-company-tax-despite-1bn-revenue-from-queensland-coalmine,2026-07-31 20:00:37,Adani to pay no company tax despite $1bn revenue from Queensland coalmine,adani pai compani tax despite bn revenue queensland coalmine,"Indian conglomerate offsets earnings from Carmichael mine to report $340.6m loss, after promising billions in taxes and royalties",indian conglomerate offset earn carmichael mine report m loss promis billion taxe royalti
Guardian,https://www.theguardian.com/us-news/2026/jul/31/australian-hiker-wyoming,2026-07-31 17:06:30,"Missing Australian hiker found dead in Wyoming, officials say",miss australian hiker found dead wyom official sai,Body of William Standish discovered in Teton mountains as investigators say fatal fall likely cause of death,bodi william standish discover teton mountain investigator sai fatal fall likeli cause death
Guardian,https://www.theguardian.com/australia-news/2026/aug/01/nsw-should-compensate-elderly-woman-whose-public-housing-was-inundated-with-sewage-ombudsman-finds-ntwnfb,2026-07-31 11:00:18,"NSW should compensate elderly woman whose public housing was inundated with sewage, ombudsman finds",nsw compensate elderli woman whose public hous inundate sewage ombudsman find,Ombudsman finds Homes NSW acted unreasonably and recommended additional payment for distress and suffering,ombudsman find home nsw act unreasonabli recommend additional payment distress suffer
Guardian,https://www.theguardian.com/australia-news/live/2026/jul/31/australia-news-live-working-with-children-check-garma-festival-anthony-albanese-labor-angus-taylor-coalition-one-nation-pauline-hanson-ntwnfb,,Icac hears of friendship breakdown between Reformers members – as it happened,icac hear friendship breakdown reformer member – happen,"Returning to the Icac’s Operation Rosny, the inquiry has heard this afternoon about how relationships between some members of the conservative right factional Liberal group the Reformers began to break down.",return icac’ operation rosni inquiri heard afternoon relationship member conservative right factional liberal group reformer began break
Guardian,https://www.theguardian.com/world/live/2026/jul/31/cueta-spain-morocco-italy-migration-schengen-europe-latest-news-updates,,"Italy says it’s temporarily suspending EU Schengen arrangement with Spain after 60,000 migrants reach Ceuta – as it happened",itali sai it’ temporarili suspend eu schengen arrangement spain migrant reach ceuta – happen,The measure will impact people travelling by plane or boat between the two countries,measure will impact people travell plane boat two countri
Guardian,https://www.theguardian.com/world/2026/jul/31/spain-wildfire-bedar-british-couple-pete-fran-gillam-killed,2026-07-30 09:00:15,Daughter of British couple killed in Spanish wildfire rejects claim they ignored order to leave,daughter british couple kill spanish wildfire reject claim ignor order leave,Exclusive: Danielle Kirton calls on Ed Miliband to help her get answers about why evacuation order came too late,exclusive danielle kirton call ed miliband help get answer evacuation order came late
Guardian,https://www.theguardian.com/technology/2026/jul/31/ai-labels-to-be-compulsory-on-authentic-looking-content-under-eu-rules,2026-07-29 08:38:38,AI labels to be compulsory on authentic-looking content under EU rules,ai label compulsori authenticlook content eu rule,"Companies must ensure people know when they are interacting with artificially generated images, audio and text designed to look real",compani must ensure people know interact artificialli generate image audio text design look real
Guardian,https://www.theguardian.com/world/2026/jul/31/british-azerbaijani-man-arrested-cyprus-alleged-spying-uk-airbase-iran,2026-07-31 04:58:41,British-Azerbaijani man arrested in Cyprus over alleged spying on UK airbase for Iran,britishazerbaijani man arrest cypru alleg spy uk airbase iran,"Rashad Sultanov, from London, suspected of conducting hostile surveillance and passing information to Revolutionary Guards",rashad sultanov london suspect conduct hostile surveillance pass information revolutionari guard
Guardian,https://www.theguardian.com/music/2026/aug/01/singapore-bans-massive-attack-for-showing-palestinian-flag-breaching-ban-on-foreign-emblems,2026-07-31 23:51:36,"Singapore bans Massive Attack for showing Palestinian flag, breaching ban on foreign emblems",singapore ban massive attack show palestinian flag breach ban foreign emblem,"Two members given ‘stern warnings’ after concert and barred from returning, with band also excluded from performing in Singapore again, say authorities",two member given ‘stern warnings’ concert bar return band also exclud perform singapore sai authoriti
Guardian,https://www.theguardian.com/world/live/2026/jul/31/us-iran-war-live-updates-trump-claims-gaza-hamas-deal-middle-east-crisis-latest-news,,Middle East crisis: Trump says ‘Israel is very happy’ with Gaza peace plan but doesn’t say if withdrawal or Hamas disarmament comes first – as it happened,middle east crisi trump sai ‘israel happy’ gaza peace plan doesn’t sai withdrawal hama disarmament come first – happen,"The agreement is a ‘great breakthrough’, the president says in response to media questions",agreement ‘great breakthrough’ president sai response media question
Guardian,https://www.theguardian.com/news/audio/2026/jul/31/hamas-agrees-trump-plan-disarm-gaza-the-latest,2026-07-31 20:00:00,Hamas agrees to Trump’s plan to disarm in Gaza – The Latest,hama agree trump’ plan disarm gaza – latest,"Donald Trump has declared a breakthrough in negotiations over the disarmament of Hamas in Gaza and the withdrawal of Israeli forces, but Israeli government officials have voiced scepticism over the deal.",donald trump declar breakthrough negotiation disarmament hama gaza withdrawal israeli force israeli government official voic scepticism deal
Guardian,https://www.theguardian.com/world/2026/jul/31/nirmal-purja-10-climbers-missing-pakistan-broad-peak-mountain,2026-07-31 11:35:53,World-renowned climber Nirmal Purja among 11 struck by avalanche on Pakistan mountain,worldrenown climber nirmal purja among struck avalanche pakistan mountain,"Rescuers say four bodies found in search for team caught in Broad Peak avalanche, after trackers showed rapid descent",rescuer sai four bodi found search team caught broad peak avalanche tracker show rapid descent
Guardian,https://www.theguardian.com/world/2026/jul/28/pakistan-accused-firing-unarmed-protesters-kashmir-killings,2026-07-28 12:41:14,Pakistan accused of fatally shooting 30 unarmed protesters in Kashmir,pakistan accus fatalli shoot unarm protester kashmir,Local civil rights group alleges authorities removed evidence of killings amid communications blackout,local civil right group allege authoriti remov evidence kill amid communication blackout
Guardian,https://www.theguardian.com/world/2026/jul/28/india-cockroach-janta-party-cjp-demands-protesters-release,2026-07-26 12:42:31,India’s Cockroach movement threatens to restart protests after mass student arrests,india’ cockroach movement threaten restart protest mass student arrest,"Cockroach Janta party says government has broken promise, with detentions in Delhi, Assam, West Bengal and Bihar",cockroach janta parti sai government broken promise detention delhi assam west bengal bihar
Guardian,https://www.theguardian.com/environment/2026/jul/27/weather-tracker-europe-wildfires-difficult-stop-france-spain,2026-07-31 12:36:26,Weather tracker: Why Europe’s wildfires are proving so fierce and difficult to stop,weather tracker europe’ wildfire prov fierce difficult stop,"Wind and record-breaking heat are fuelling the continent’s explosive fire season, with Spain and France among worst hit",wind recordbreak heat fuell continent’ explosive fire season spain france among worst hit
Guardian,https://www.theguardian.com/world/2026/jul/27/monday-briefing-how-the-cockroach-protests-have-exposed-the-cracks-in-indias-government,2026-07-27 01:47:17,Monday briefing: ​How the Cockroach ​protests ​have expose​d the ​cracks in ​India’s government,mondai brief ​how cockroach ​protest ​have expose​d ​crack ​india’ government,"In today’s newsletter: Across ​the country, a ​younger generation is turning private disillusionment into public defiance​ against a government that once felt untouchable",today’ newsletter across ​the countri ​younger generation turn private disillusionment public defiance​ government felt untouchable
Guardian,https://www.theguardian.com/politics/2026/jul/31/labour-wins-decisive-victory-in-greater-manchester-mayoral-byelection,2026-07-31 18:01:45,Labour wins decisive victory in Greater Manchester mayoral byelection,labour win decisive victori greater manchester mayoral byelection,Bev Craig succeeds Andy Burnham and wins back support in areas where Reform made gains in May,bev craig succee andi burnham win back support area reform made gain mai
Guardian,https://www.theguardian.com/politics/live/2026/jul/31/andy-burnham-devolution-plan-labour-conservatives-kemi-bedenoch-uk-politics-live,,Wait goes on for result in Greater Manchester mayoral by-election – as it happened,wait goe result greater manchester mayoral byelection – happen,The turnout was recorded as the lowest on record for a mayoral role in the region,turnout record lowest record mayoral role region
Guardian,https://www.theguardian.com/music/2026/jul/31/sam-fender-olivia-dean-rein-me-in-breaks-73-year-record-longest-running-uk-no-1-single,2026-07-31 13:00:28,Sam Fender and Olivia Dean’s Rein Me In breaks 73-year record to become longest-running UK No 1 single,sam fender olivia dean’ rein break year record become longestrun uk single,"Duetting stars surpass record set in 1953, when crooner Frankie Laine hit the top with I Believe",duet star surpass record set crooner frankie laine hit top believe
Guardian,https://www.theguardian.com/sport/2026/jul/31/mop-man-stole-the-show-glasgow-commonwealth-games-dances,2026-07-31 12:21:56,‘It’s OK to mess around’: how ‘mop man’ stole the show at Glasgow’s Commonwealth Games,‘it’ ok mess around’ ‘mop man’ stole show glasgow’ commonwealth game,CJ Miller from West Lothian has delighted global audiences with ‘sheer stupidity’ of his half-time dances,cj miller west lothian delight global audience ‘sheer stupidity’ halftime dance
Guardian,https://www.theguardian.com/us-news/live/2026/jul/31/donald-trump-cabinet-camp-david-iran-midterms-gaza-latest-news-updates,,Justice department admits reflecting pool damage not caused by vandals as it moves to drop charges against Olympian – as it happened,justice department admit reflect pool damage caus vandal move drop charge olympian – happen,"In a court filing on Friday, the office of the US attorney in Washington DC, Jeanine Pirro , moved to dismiss charges against David Hearn , a former Olympian her office had accused on vandalizing the Lincoln Memorial reflecting pool.",court fil fridai office us attornei washington dc jeanine pirro mov dismiss charge david hearn former olympian office accus vandalize lincoln memorial reflect pool
Guardian,https://www.theguardian.com/us-news/2026/jul/31/san-francisco-pitbull-rescue-tunnel,2026-07-31 19:07:35,San Francisco pitbull rescued after two days trapped in railway tunnel,san francisco pitbull rescu two dai trap railwai tunnel,"Pup named Roo, who ran away from home, was found curled up next to rail track – and was ‘thrilled’ to be rescued",pup nam roo ran awai home found curl next rail track – ‘thrilled’ rescu
Guardian,https://www.theguardian.com/us-news/2026/jul/31/sonya-massey-shooting-prison,2026-07-31 17:48:51,Illinois officer who killed Sonya Massey denied medical release from prison,illinoi officer kill sonya massei deni medical release prison,"Sean Grayson, diagnosed with colon cancer, was sentenced to 20 years for killing Massey in Springfield in 2024",sean grayson diagnos colon cancer sentenc year kill massei springfield
Guardian,https://www.theguardian.com/us-news/2026/jul/31/lindsay-clancy-murder-trial-jurors,2026-07-31 15:50:38,Jurors in Lindsay Clancy murder trial visit home where children were killed,juror lindsai clanci murder trial visit home children kill,Defense lawyers say Clancy was ill with postpartum psychosis when she killed three children in January 2023,defense lawyer sai clanci ill postpartum psychosi kill three children januari
Guardian,https://www.theguardian.com/us-news/2026/jul/31/trump-cabinet-camp-david-ukraine,2026-07-31 13:58:56,Trump backtracks from promise to let Ukraine build Patriot missiles,trump backtrack promise let ukraine build patriot missile,US president tells reporters during Camp David cabinet meeting technology ‘a hard thing to give away’,us president tell reporter camp david cabinet meet technologi ‘a hard thing give away’
Guardian,https://www.theguardian.com/us-news/2026/jul/30/trump-administration-children-immigration,2026-07-31 15:27:33,Trump administration to let contract aiding unaccompanied minors expire,trump administration let contract aid unaccompani minor expire,"US government, which owes legal services firm $65m, stopped paying in December, as contract runs out Friday",us government owe legal service firm m stop pai december contract run fridai
Guardian,https://www.theguardian.com/us-news/2026/jul/31/trump-slush-fund-todd-blanche,2026-07-31 12:56:53,Trump defends $1.8bn slush fund that is holding up Todd Blanche confirmation,trump defend bn slush fund hold todd blanche confirmation,President calls for former personal defense lawyer to be ‘immediately approved’ as attorney general,president call former personal defense lawyer ‘immediateli approved’ attornei general
Guardian,https://www.theguardian.com/commentisfree/2026/jul/31/haitian-temporary-protected-status-us-trump,2026-07-31 08:00:14,"I’m a Haitian TPS holder. Over 330,000 of us hold our breath as Congress decides our future",i’m haitian tp holder us hold breath congress decide future,Temporary protected status allowed me to rebuild my life. Now thousands like me help keep this country running,temporari protect statu allow rebuild life now thousand like help keep countri run
Guardian,https://www.theguardian.com/commentisfree/2026/jul/30/cbs-news-ross-douthat-tv-experience,2026-07-30 10:00:15,"No TV experience? At CBS News, that’s no problem",tv experience cb new that’ problem,The conservative columnist Ross Douthat is the network’s latest perplexing hire – but the move is in line with the new leadership,conservative columnist ross douthat network’ latest perplex hire – move line new leadership
CBS,https://www.cbsnews.com/news/passaic-river-missing-girl-body-found/,2026-07-31 23:45:31,"Body of missing girl found in New Jersey's Passaic River after 2-day search, mayor says",bodi miss girl found new jersei passaic river dai search mayor sai,"The body of a missing child was found in the Passaic River in New Jersey after a two-day search , officials said Friday.",bodi miss child found passaic river new jersei twodai search official said fridai
CBS,https://www.cbsnews.com/live-updates/iran-war-us-trump-strait-of-hormuz-kuwait-jordan-air-base/,2026-07-31 23:30:59,"Live Updates: U.S. preparing new Iran strikes with Israel as Trump says, ""We've done an amazing job""",live update us prepar new iran strike israel trump sai weve done amaz job,"A tanker was struck by an ""unknown projectile"" off the coast of Oman, a British maritime agency said on Saturday, as the United States and Iran vie for control of the Strait of Hormuz.",tanker struck unknown projectile coast oman british maritime agenci said saturdai unit state iran vie control strait hormuz
CBS,https://www.cbsnews.com/news/russian-strikes-kyiv-ukraine-fatalities-injuries/,2026-07-31 22:10:32,"Russian strikes on Kyiv kill 4, injure at least 15, officials say",russian strike kyiv kill injure least official sai,"Russian strikes on Ukraine's capital killed at least four people and wounded more than a dozen others, local officials said Saturday local time, after Kyiv's mayor warned of a ballistic missile attack.",russian strike ukraine capital kill least four people wound dozen other local official said saturdai local time kyiv mayor warn ballistic missile attack
CBS,https://www.cbsnews.com/news/fifa-shelves-world-cup-investment-plan/,2026-07-31 21:55:06,FIFA drops World Cup investment plan after backlash from major soccer groups,fifa drop world cup investment plan backlash major soccer group,"FIFA, world soccer's governing body, is shelving a controversial plan that would have allowed for billions of dollars in private commercial investment in the World Cup after the proposal was met with fierce opposition from its member nations.",fifa world soccer govern bodi shelv controversial plan allow billion dollar private commercial investment world cup proposal met fierce opposition member nation
CBS,https://www.cbsnews.com/news/spain-ceuta-morocco-migrants-border-crossings/,2026-07-31 20:25:04,"Spain sends over 48,000 migrants in Ceuta back to Morocco after deadly border rush",spain send migrant ceuta back morocco deadli border rush,"Spain's Ministry of the Interior said more than 48,000 migrants who arrived at the border of the tiny territory of Ceuta have been sent back to Morocco.",spain ministri interior said migrant arriv border tini territori ceuta sent back morocco
CBS,https://www.cbsnews.com/news/timeline-nancy-guthrie-disappearance-as-search-intensifies/,2026-07-31 20:06:43,A timeline of Nancy Guthrie's disappearance as search for Savannah Guthrie's mom continues,timeline nanci guthri disappearance search savannah guthri mom continue,"As the search for Nancy Guthrie, the 84-year-old mother of ""Today"" show co-host Savannah Guthrie , stretches on, investigators are still seeking tips that could help break the case and lead to her return.",search nanci guthrie yearold mother todai show cohost savannah guthrie stretche investigator still seek tip help break case lead return
CBS,https://www.cbsnews.com/news/us-investigating-iran-cyberattack-minnesota-water-systems/,2026-07-31 19:52:33,"U.S. investigating if Iran was behind cyberattack on water systems in 7 states, including Minnesota",us investigate iran behind cyberattack water system state includ minnesota,"Malicious cyber activity affected technology at water systems in at least seven states this week, including Minnesota, forcing some utilities to switch to manual operations as state and federal authorities dig into who is behind the attack, CBS News has learned.",maliciou cyber activiti affect technologi water system least seven state week includ minnesota forc utiliti switch manual operation state federal authoriti dig behind attack cb new learn
CBS,https://www.cbsnews.com/news/doj-dismiss-david-hearn-reflecting-pool-vandalism-charges/,2026-07-31 19:49:00,"DOJ moves to dismiss Reflecting Pool vandalism charges against David Hearn, says damage due to ""botched installation""",doj move dismiss reflect pool vandalism charge david hearn sai damage due botch installation,"Federal prosecutors on Friday asked a judge to dismiss an indictment charging former U.S. Olympic canoeist David Hearn with ripping up the bottom of the Lincoln Memorial Reflecting Pool , citing new information that the damage was caused by a ""botched installation"" by a contractor, not vandalism.",federal prosecutor fridai ask judge dismiss indictment charg former us olympic canoeist david hearn rip bottom lincoln memorial reflect pool cit new information damage caus botch installation contractor vandalism
CBS,https://www.cbsnews.com/news/nancy-guthrie-ransom-notes-released/,2026-07-31 19:38:58,"Nancy Guthrie ransom notes, including message saying she died, released by sheriff's department",nanci guthrie ransom note includ message sai di releas sheriff department,Two notes that appear to have been sent by Nancy Guthrie's kidnapper to a local news outlet shortly after her disappearance were made public Friday by the Pima County Sheriff's Department.,two note appear sent nanci guthri kidnapper local new outlet shortli disappearance made public fridai pima counti sheriff department
CBS,https://www.cbsnews.com/news/us-israel-iran-war-energy-related-targets-trump/,2026-07-31 19:38:13,"U.S., Israel preparing to bombard energy-related targets in Iran, sources say",us israel prepar bombard energyrelate target iran source sai,"Washington — The United States and Israel are planning what would be one of the harshest bombing campaigns to date against energy infrastructure targets in Iran , multiple sources told CBS News, with strikes possible throughout the weekend.",washington — unit state israel plan one harshest bomb campaign date energi infrastructure target iran multiple source told cb new strike possible throughout weekend
CBS,https://www.cbsnews.com/news/sunday-morning-show-times/,2026-07-31 19:21:50,"""Sunday Morning"" show times",sundai morn show time,"Abilene, TX - KTAB - 8:00 a.m. Albany, GA - WSWG - 9:00 a.m. Albany, NY - WRGB - 9:00 a.m. Albuquerque, NM - KOAT-D2 - 7:00 a.m. Alexandria, LA - KALB - 8:00 a.m. Alpena, MI - WBKB - 9:00 a.m. Altoona, PA - WTAJ - 9:00 a.m. Amarillo, TX - KFDA - 8:00 a.m. Anchorage, AK - KYES - 6:00 a.m. Atlanta, GA - WUPA - 9:00 a.m. Augusta, GA - WRDW - 9:00 a.m. Austin, TX - KEYE - 8:00 a.m.",abilene tx ktab albani ga wswg albani ny wrgb albuquerque nm koatd alexandria la kalb alpena mi wbkb altoona pa wtaj amarillo tx kfda anchorage ak kye atlanta ga wupa augusta ga wrdw austin tx keye
CBS,https://www.cbsnews.com/news/lindsay-clancy-trial-day-4-jury-view-home-duxbury/,2026-07-31 18:29:00,Doctors testify in Lindsay Clancy trial after jury views home where 3 kids were murdered in Massachusetts,doctor testifi lindsai clanci trial juri view home kid murder massachusett,"Jurors in the Lindsay Clancy case started Day 4 of the high-profile murder trial Friday with a visit to the Duxbury, Massachusetts, home where she admitted to killing her three young children. Back in court, they heard from doctors who treated two of her kids, and police officers who were with her in the hospital after the murders.",juror lindsai clanci case start dai highprofile murder trial fridai visit duxburi massachusett home admit kill three young children back court heard doctor treate two kid police officer hospital murder
CBS,https://www.cbsnews.com/news/meta-tiktok-snapchat-youtube-sued-teen-suicides/,2026-07-31 14:09:57,"Families sue Meta, Snapchat, TikTok and YouTube over deaths of 4 teens",famili sue meta snapchat tiktok youtube death teen,"The families of four teenagers who died by suicide are suing Meta, Snapchat, TikTok and YouTube, alleging that using the social media platforms led to severe mental health and physical issues that resulted in their deaths.",famili four teenager di suicide su meta snapchat tiktok youtube alleg us social media platform led severe mental health physical issue result death
CBS,https://www.cbsnews.com/news/george-santos-reality-show-contestant/,2026-07-16 08:03:12,George Santos to try hand as contestant in grueling TV reality show,george santo try hand contestant gruel tv realiti show,"New York — George Santos has worn many hats: swindler , congressman , prison inmate , podcast host . The obvious next gig? Reality TV show contestant.",new york — george santo worn mani hat swindler congressman prison inmate podcast host obviou next gig realiti tv show contestant
NBC,https://www.nbcnews.com/tech/security/hackers-targeted-municipal-water-systems-7-states-week-fbi-says-rcna590210,2026-07-31 16:58:08,"Hackers targeted municipal water systems in 7 states this week, FBI says",hacker target municipal water system state week fbi sai,"Cyberattacks targeting municipal water systems have been reported in at least seven states this week, prompting the FBI and the Environmental Protection Agency to warn utilities nationwide that hackers are trying to disrupt critical water infrastructure.",cyberattack target municipal water system report least seven state week prompt fbi environmental protection agenci warn utiliti nationwide hacker try disrupt critical water infrastructure
NBC,https://www.nbcnews.com/nightly-news/video/dozens-dead-in-migrant-crisis-rush-into-spanish-enclave-267608133892,,Dozens dead in migrant crisis rush into Spanish enclave,dozen dead migrant crisi rush spanish enclave,"There are new images surfacing of tens of thousands of migrants rushing into Ceuta, a Spanish enclave, sparking reaction around the world. So far, dozens of people have died in the chaos. NBC News’ Raf Sanchez has the latest. Aug. 1, 2026",new image surfac ten thousand migrant rush ceuta spanish enclave spark reaction around world far dozen people di chao nbc news’ raf sanchez latest aug
NBC,https://www.nbcnews.com/nightly-news/video/charges-dropped-against-former-olympian-over-reflecting-pool-damage-267612741793,,Charges dropped against former Olympian over reflecting pool damage,charge drop former olympian reflect pool damage,"The Trump administration dropped charges against a former Olympic canoeist over damage to the renovated Lincoln Memorial reflecting pool, saying new evidence showed the contractor was to blame. NBC News’ Garrett Haake reports. Aug. 1, 2026",trump administration drop charge former olympic canoeist damage renovate lincoln memorial reflect pool sai new evidence show contractor blame nbc news’ garrett haake report aug
NBC,https://www.nbcnews.com/politics/donald-trump/appeals-ruling-found-10-billion-irs-suit-aimed-manipulate-legal-rcna590307,2026-07-31 19:39:06,Trump appeals ruling that found his $10B IRS suit aimed to ‘manipulate’ legal proceedings,trump appeal rul found b ir suit aim ‘manipulate’ legal proceed,"President Donald Trump on Friday took the first step in appealing a federal judge’s ruling that questioned the legality of a lawsuit filed by the president, two of his sons and the Trump Organization against the IRS.",president donald trump fridai took first step appeal federal judge’ rul question legaliti lawsuit fil president two son trump organization ir
NBC,https://www.nbcnews.com/politics/donald-trump/trump-defends-anti-weaponization-fund-complicating-blanche-nomination-rcna590254,2026-07-31 22:56:37,"Trump defends ‘anti-weaponization’ fund, further complicating Blanche nomination",trump defend ‘antiweaponization’ fund complicate blanche nomination,WASHINGTON — President Donald Trump on Friday defended his administration’s controversial proposal for a $1.8 billion “anti-weaponization fund” for Jan. 6 defendants and others who he says were unfairly targeted by the government.,washington — president donald trump fridai defend administration’ controversial proposal billion “antiweaponization fund” jan defendant other sai unfairli target government
NBC,https://www.nbcnews.com/tech/elon-musk/judge-denies-request-elon-musks-xai-block-mn-nudification-ban-rcna589993,2026-07-31 15:41:20,Judge denies request by Elon Musk’s xAI to pause Minnesota nudification ban,judge deni request elon musk’ xai pause minnesota nudification ban,A federal judge on Friday denied a request from Elon Musk’s artificial intelligence company xAI to block a Minnesota law that will be the first in the nation to ban nudification technology.,federal judge fridai deni request elon musk’ artificial intelligence compani xai block minnesota law will first nation ban nudification technologi
NBC,https://www.nbcnews.com/nightly-news/video/nancy-guthrie-ransom-notes-released-267618373509,,Nancy Guthrie ransom notes released,nanci guthrie ransom note releas,"The Pima County Sheriff’s office has released the two ransom notes they believe may be from the person or people who kidnapped Nancy Guthrie earlier this year. One of them describes her as ‘safe but scared’...but days later they say she “perished shortly after she was taken.” NBC News’ Liz Kreutz has the contents of the notes and why they were just made public. Aug. 1, 2026",pima counti sheriff’ office releas two ransom note believe mai person people kidnap nanci guthrie earlier year one describe ‘safe scared’but dai later sai “perish shortli taken” nbc news’ liz kreutz content note just made public aug
NBC,https://www.nbcnews.com/video/fifa-cancels-plan-to-sell-world-cup-stakes-to-private-equity-investors-267616837934,,FIFA cancels plan to sell World Cup stakes to private equity investors,fifa cancel plan sell world cup stake private equiti investor,"FIFA President Gianni Infantino said he’s scrapping a plan to sell stakes in the World Cup to private equity investors after strong backlash and statements of non-participation in FIFA events from organizations in Europe, Asia, and North America. Aug. 1, 2026",fifa president gianni infantino said he’ scrap plan sell stake world cup private equiti investor strong backlash statement nonparticipation fifa event organization europe asia north america aug
NBC,https://www.nbcnews.com/video/witness-video-of-madison-police-killing-raises-questions-of-why-lethal-force-was-used-267242053983,,Witness video of Madison police killing raises questions of why lethal force was used,witness video madison police kill raise question lethal force us,"Local authorities said that the matter is being investigated and that the officers involved have been placed on administrative leave. July 25, 2026",local authoriti said matter investigate officer involv plac administrative leave juli
NBC,https://www.nbcnews.com/sports/soccer/fifa-private-equity-plan-gianni-infantino-world-cup-rcna590317,2026-07-31 20:04:37,FIFA president nixes idea to sell stakes in World Cup to private equity investors,fifa president nixe idea sell stake world cup private equiti investor,The president of World Cup organizer FIFA said Friday he’s nixing a much-criticized plan to sell stakes in soccer’s biggest tournament to private equity investors.,president world cup organizer fifa said fridai he’ nix muchcriticize plan sell stake soccer’ biggest tournament private equiti investor
NBC,https://www.nbcnews.com/news/us-news/trump-administration-drops-reflecting-pool-case-blaming-damage-botched-rcna590303,2026-07-31 19:24:02,"Trump administration drops Reflecting Pool case, blaming damage on ‘botched’ installation",trump administration drop reflect pool case blam damage ‘botched’ installation,"WASHINGTON — The Trump administration has dropped its case against a former Olympic canoeist charged in connection with damage to the Reflecting Pool, acknowledging their allegations against David “Davey” Hearn don’t hold water.",washington — trump administration drop case former olympic canoeist charg connection damage reflect pool acknowledg allegation david “davey” hearn don’t hold water
NBC,https://www.nbcnews.com/sports/wnba/wnba-star-brittney-griner-files-divorce-wife-cherelle-griner-rcna590290,2026-07-31 17:14:50,WNBA star Brittney Griner files for divorce from wife Cherelle Griner,wnba star brittnei griner file divorce wife cherelle griner,WNBA star Brittney Griner has filed for divorce after eight years of marriage.,wnba star brittnei griner fil divorce eight year marriage
NBC,https://www.nbcnews.com/politics/politics-news/abortion-ballot-two-states-politics-desk-rcna590278,2026-07-31 17:00:00,Abortion is on the ballot again in these two states: From the Politics Desk,abortion ballot two state politic desk,"Welcome to From the Politics Desk , a daily newsletter that brings you the NBC News Politics team’s latest reporting and analysis from the White House, Capitol Hill and the campaign trail.",welcome politic desk daili newsletter bring nbc new politic team’ latest report analysi white house capitol hill campaign trail
NBC,https://www.nbcnews.com/pop-culture/pop-culture-news/north-west-cancels-music-tour-days-first-show-rcna590280,2026-07-31 16:24:31,North West cancels music tour days before first show,north west cancel music tour dai first show,"North West has canceled what would have been her first headlining tour, just months after launching her music career and only days before the first show.",north west cancel first headlin tour just month launch music career dai first show
NBC,https://www.nbcnews.com/news/us-news/nancy-guthrie-ransom-letters-rcna590282,2026-07-31 21:09:09,Letters sent to Nancy Guthrie’s family after her disappearance are released,letter sent nanci guthrie’ famili disappearance releas,Two ransom notes purportedly sent by those who kidnapped Nancy Guthrie in Arizona earlier this year were released Friday by local authorities hoping to generate new leads in the case.,two ransom note purportedli sent kidnap nanci guthrie arizona earlier year releas fridai local authoriti hop generate new lead case
NBC,https://www.nbcnews.com/news/us-news/army-veteran-anna-king-says-national-guard-assaulted-protest-signs-was-rcna590230,2026-07-31 16:07:43,Decorated Army vet files $3M claim alleging National Guard assault,decorate armi vet file m claim alleg national guard assault,"National Guard members shoved a retired Army captain to the pavement in violent retaliation for her opposition to their deployment in Washington, D.C., the decorated soldier said in a multimillion-dollar administrative claim filed this week.",national guard member shov retir armi captain pavement violent retaliation opposition deployment washington dc decorate soldier said multimilliondollar administrative claim fil week
NBC,https://www.nbcnews.com/politics/politics-news/vermont-governor-phil-scott-defends-state-run-elections-mail-voting-rcna590205,2026-07-31 18:13:37,Vermont’s GOP governor defends state-run elections and mail-in voting as Trump aims to reshape them,vermont’ gop governor defend staterun election mailin vot trump aim reshape,"Vermont’s GOP Gov. Phil Scott on Friday defended mail ballots and state-run elections , rejecting President Donald Trump’s calls for Republicans to “nationalize” elections and limit options for mail-in voting.",vermont’ gop gov phil scott fridai defend mail ballot staterun election reject president donald trump’ call republican “nationalize” election limit option mailin vot
NBC,https://www.nbcnews.com/news/us-news/immigrant-kidney-donor-brother-detained-ice-gregorio-gonzalez-rcna590023,2026-07-31 15:00:00,Immigrant who donated lifesaving kidney to his brother is detained by ICE again,immigrant donate lifesav kidnei brother detain ice,"José Gregorio González is inside an immigration detention center almost a year after he donated his kidney to save the life of his brother, who has end-stage renal disease.",josé gregorio gonzález inside immigration detention center almost year donate kidnei save life brother endstage renal disease
NBC,https://www.nbcnews.com/select/shopping/best-mini-fridges-rcna251050,2026-07-31 16:01:32,"The best mini fridges for small spaces, according to an appliance expert",best mini fridge small space accord appliance expert,"The best mini fridges for small spaces, according to an appliance expert",best mini fridge small space accord appliance expert
NBC,https://www.nbcnews.com/select/shopping/new-notable-july-2026-rcna587839,2026-07-31 15:05:34,"The 81+ best new products this month from Hoka, Béis, Sony, Olaplex and more",best new product month hoka béi soni olaplex,"NBC Selected independently determines what we cover and recommend. When you click on or buy through our links, we earn a commission. Learn more .",nbc select independentli determine cover recommend click bui link earn commission learn
NBC,https://www.nbcnews.com/select/shopping/jellycat-brand-review-rcna590266,2026-07-31 14:49:12,"Are Jellycats worth the hype? We tested dozens of Bashful Bunnies, Amuseables and more to find out",jellycat worth hype test dozen bashful bunni amuseable find,"Are Jellycats worth the hype? We tested dozens of Bashful Bunnies, Amuseables and more to find out",jellycat worth hype test dozen bashful bunni amuseable find
NBC,https://www.nbcnews.com/select/shopping/editors-picks-july-2026-rcna97559,2026-07-31 14:29:16,"Adidas, Rothy’s, Away and more: Here’s everything we bought and tested in the month of July",adida rothy’ awai here’ everyth bought test month juli,"Adidas, Rothy’s, Away and more: Here’s everything we bought and tested in the month of July",adida rothy’ awai here’ everyth bought test month juli
FOX,https://www.foxnews.com/sports/bill-belichick-avoids-specifics-north-carolina-launches-probe-gm-michael-lombardi,2026-07-31 23:55:13,Bill Belichick avoids specifics as North Carolina launches probe into GM Michael Lombardi,bill belichick avoid specific north carolina launche probe gm michael lombardi,"This material may not be published, broadcast, rewritten, or redistributed. ©2026 FOX News Network, LLC. All rights reserved. Quotes displayed in real-time or delayed by at least 15 minutes. Market data provided by Factset . Powered and implemented by FactSet Digital Solutions . Legal Statement . Mutual Fund and ETF data provided by LSEG .",material mai publish broadcast rewritten redistribut © fox new network llc right reserv quote displai realtime delai least minute market data provid factset power implement factset digital solution legal statement mutual fund etf data provid lseg
FOX,https://www.foxnews.com/politics/mamdani-not-called-speak-nyc-funeral-army-sergeant-killed-iranian-attack-report,2026-07-31 23:53:03,Mamdani not called to speak at NYC funeral of Army sergeant killed in Iranian attack: report,mamdani call speak nyc funeral armi sergeant kill iranian attack report,"This material may not be published, broadcast, rewritten, or redistributed. ©2026 FOX News Network, LLC. All rights reserved. Quotes displayed in real-time or delayed by at least 15 minutes. Market data provided by Factset . Powered and implemented by FactSet Digital Solutions . Legal Statement . Mutual Fund and ETF data provided by LSEG .",material mai publish broadcast rewritten redistribut © fox new network llc right reserv quote displai realtime delai least minute market data provid factset power implement factset digital solution legal statement mutual fund etf data provid lseg
FOX,https://www.foxnews.com/outkick-sports/sec-big-ten-agree-support-historic-protect-college-sports-act-intense-negotiations,2026-07-31 22:50:25,"SEC, Big Ten agree to support historic 'Protect College Sports Act' after intense negotiations",sec big ten agree support historic protect college sport act intense negotiation,Fox News chief congressional correspondent Chad Pergram reports on a bipartisan effort by lawmakers to regulate college sports contracts on ‘Fox Report.’,fox new chief congressional correspondent chad pergram report bipartisan effort lawmaker regulate college sport contract ‘fox report’
FOX,https://www.foxnews.com/world/american-climber-remains-found-avalanche-pakistan-mountaineers-missing,2026-07-31 21:57:36,"American climber's remains found after avalanche in Pakistan, other mountaineers still missing",american climber remain found avalanche pakistan mountaineer still miss,"This material may not be published, broadcast, rewritten, or redistributed. ©2026 FOX News Network, LLC. All rights reserved. Quotes displayed in real-time or delayed by at least 15 minutes. Market data provided by Factset . Powered and implemented by FactSet Digital Solutions . Legal Statement . Mutual Fund and ETF data provided by LSEG .",material mai publish broadcast rewritten redistribut © fox new network llc right reserv quote displai realtime delai least minute market data provid factset power implement factset digital solution legal statement mutual fund etf data provid lseg
FOX,https://www.foxnews.com/outkick-sports/norwegian-soccer-star-erling-haaland-top-tier-summer-continues-snags-pinnacle-celebrity-photo-ops,2026-07-31 21:10:25,"Norwegian soccer star Erling Haaland's top-tier summer continues, snags pinnacle of celebrity photo-ops",norwegian soccer star erl haaland toptier summer continue snag pinnacle celebriti photoop,Dan Dakich reacts to the poor reception given to Sophie Cunningham fans by Seattle Storm ownership,dan dakich react poor reception given sophie cunningham fan seattle storm ownership
FOX,https://www.foxnews.com/us/police-search-gunman-walmart-employee-shot-dispute-pennsylvania,2026-07-31 21:00:27,Police search for gunman after Walmart employee shot during dispute in Pennsylvania,police search gunman walmart employee shot dispute pennsylvania,"This material may not be published, broadcast, rewritten, or redistributed. ©2026 FOX News Network, LLC. All rights reserved. Quotes displayed in real-time or delayed by at least 15 minutes. Market data provided by Factset . Powered and implemented by FactSet Digital Solutions . Legal Statement . Mutual Fund and ETF data provided by LSEG .",material mai publish broadcast rewritten redistribut © fox new network llc right reserv quote displai realtime delai least minute market data provid factset power implement factset digital solution legal statement mutual fund etf data provid lseg
FOX,https://www.foxnews.com/outkick-sports/ncaa-rocked-colorado-judge-2022-class-eligibility-ruling-reshape-college-sports-year,2026-07-31 20:51:47,NCAA rocked by Colorado judge's 2022 class eligibility ruling that could reshape college sports this year,ncaa rock colorado judge class eligibiliti rul reshape college sport year,"College sports presidential advisor Cody Campbell discusses the Protect College Sports Act, which aims to restore order and establish rules in collegiate athletics, on ‘The Will Cain Show.’",college sport presidential advisor codi campbell discuss protect college sport act aim restore order establish rule collegiate athletic ‘the will cain show’
FOX,https://www.foxnews.com/media/new-york-nuns-not-forced-comply-assisted-suicide-law-case-progresses,2026-07-31 20:19:03,New York nuns will not be forced to comply with assisted-suicide law while case progresses,new york nun will forc compli assistedsuicide law case progress,"This material may not be published, broadcast, rewritten, or redistributed. ©2026 FOX News Network, LLC. All rights reserved. Quotes displayed in real-time or delayed by at least 15 minutes. Market data provided by Factset . Powered and implemented by FactSet Digital Solutions . Legal Statement . Mutual Fund and ETF data provided by LSEG .",material mai publish broadcast rewritten redistribut © fox new network llc right reserv quote displai realtime delai least minute market data provid factset power implement factset digital solution legal statement mutual fund etf data provid lseg
FOX,https://www.foxnews.com/media/liberal-podcaster-says-he-doxed-mamdanis-wanted-poster-property-owners,2026-07-31 19:55:42,Liberal podcaster says he was 'doxed' by Mamdani's 'wanted poster' of property owners,liberal podcaster sai dox mamdani want poster properti owner,"This material may not be published, broadcast, rewritten, or redistributed. ©2026 FOX News Network, LLC. All rights reserved. Quotes displayed in real-time or delayed by at least 15 minutes. Market data provided by Factset . Powered and implemented by FactSet Digital Solutions . Legal Statement . Mutual Fund and ETF data provided by LSEG .",material mai publish broadcast rewritten redistribut © fox new network llc right reserv quote displai realtime delai least minute market data provid factset power implement factset digital solution legal statement mutual fund etf data provid lseg
FOX,https://www.foxnews.com/outkick-sports/cam-skattebo-backflipping-fanatics-fest-reportedly-earned-him-talking-giants,2026-07-31 19:33:22,Cam Skattebo's backflipping at Fanatics Fest reportedly earned him a talking-to from Giants,cam skattebo backflip fanatic fest reportedli earn talkingto giant,Dan Dakich reacts to the poor reception given to Sophie Cunningham fans by Seattle Storm ownership,dan dakich react poor reception given sophie cunningham fan seattle storm ownership
FOX,https://www.foxnews.com/us/former-latvian-dancing-stars-contestant-arrested-ice-after-violent-criminal-history-revealed,2026-07-31 19:29:23,Former Latvian 'Dancing with the Stars' contestant arrested by ICE after violent criminal history revealed,former latvian danc star contestant arrest ice violent criminal histori reveal,"This material may not be published, broadcast, rewritten, or redistributed. ©2026 FOX News Network, LLC. All rights reserved. Quotes displayed in real-time or delayed by at least 15 minutes. Market data provided by Factset . Powered and implemented by FactSet Digital Solutions . Legal Statement . Mutual Fund and ETF data provided by LSEG .",material mai publish broadcast rewritten redistribut © fox new network llc right reserv quote displai realtime delai least minute market data provid factset power implement factset digital solution legal statement mutual fund etf data provid lseg
FOX,https://www.foxnews.com/sports/pro-bowl-offensive-lineman-andrus-peat-announces-retirement-nfl-32,2026-07-31 18:45:03,Pro Bowl offensive lineman Andrus Peat announces his retirement from the NFL at 32,pro bowl offensive lineman andru peat announce retirement nfl,"This material may not be published, broadcast, rewritten, or redistributed. ©2026 FOX News Network, LLC. All rights reserved. Quotes displayed in real-time or delayed by at least 15 minutes. Market data provided by Factset . Powered and implemented by FactSet Digital Solutions . Legal Statement . Mutual Fund and ETF data provided by LSEG .",material mai publish broadcast rewritten redistribut © fox new network llc right reserv quote displai realtime delai least minute market data provid factset power implement factset digital solution legal statement mutual fund etf data provid lseg
FOX,https://www.foxnews.com/politics/ice-lodges-detainer-salvadoran-national-18-accused-2-fatal-shootings-houston,2026-07-31 18:35:42,"ICE lodges detainer on Salvadoran national, 18, accused of 2 fatal shootings in Houston",ice lodge detainer salvadoran national accus fatal shoot houston,"This material may not be published, broadcast, rewritten, or redistributed. ©2026 FOX News Network, LLC. All rights reserved. Quotes displayed in real-time or delayed by at least 15 minutes. Market data provided by Factset . Powered and implemented by FactSet Digital Solutions . Legal Statement . Mutual Fund and ETF data provided by LSEG .",material mai publish broadcast rewritten redistribut © fox new network llc right reserv quote displai realtime delai least minute market data provid factset power implement factset digital solution legal statement mutual fund etf data provid lseg
FOX,https://www.foxnews.com/politics/wisconsin-dem-frontrunner-called-cancel-thanksgiving-resurfaced-post,2026-07-31 18:30:06,Socialist frontrunner in the hot seat after 'Cancel Thanksgiving' post emerges online,socialist frontrunner hot seat cancel thanksgiv post emerge online,"This material may not be published, broadcast, rewritten, or redistributed. ©2026 FOX News Network, LLC. All rights reserved. Quotes displayed in real-time or delayed by at least 15 minutes. Market data provided by Factset . Powered and implemented by FactSet Digital Solutions . Legal Statement . Mutual Fund and ETF data provided by LSEG .",material mai publish broadcast rewritten redistribut © fox new network llc right reserv quote displai realtime delai least minute market data provid factset power implement factset digital solution legal statement mutual fund etf data provid lseg
FOX,https://www.foxnews.com/media/jeopardy-host-ken-jennings-infuriates-trans-activists-sarcastic-joke-nyt-games-boycott,2026-07-31 18:21:35,'Jeopardy!' host Ken Jennings infuriates trans activists with sarcastic joke over NY Times games boycott,jeopardi host ken jen infuriate tran activist sarcastic joke ny time game boycott,"This material may not be published, broadcast, rewritten, or redistributed. ©2026 FOX News Network, LLC. All rights reserved. Quotes displayed in real-time or delayed by at least 15 minutes. Market data provided by Factset . Powered and implemented by FactSet Digital Solutions . Legal Statement . Mutual Fund and ETF data provided by LSEG .",material mai publish broadcast rewritten redistribut © fox new network llc right reserv quote displai realtime delai least minute market data provid factset power implement factset digital solution legal statement mutual fund etf data provid lseg
FOX,https://www.foxnews.com/sports/prosecutors-move-dismiss-felony-vandalism-case-olympian-david-hearn-reflecting-pools,2026-07-31 18:20:51,Prosecutors move to dismiss felony vandalism case against Olympian David Hearn over Reflecting Pool,prosecutor move dismiss feloni vandalism case olympian david hearn reflect pool,"This material may not be published, broadcast, rewritten, or redistributed. ©2026 FOX News Network, LLC. All rights reserved. Quotes displayed in real-time or delayed by at least 15 minutes. Market data provided by Factset . Powered and implemented by FactSet Digital Solutions . Legal Statement . Mutual Fund and ETF data provided by LSEG .",material mai publish broadcast rewritten redistribut © fox new network llc right reserv quote displai realtime delai least minute market data provid factset power implement factset digital solution legal statement mutual fund etf data provid lseg
FOX,https://www.foxnews.com/entertainment/criminal-minds-star-mandy-patinkin-shares-unconventional-plan-after-his-death,2026-07-31 18:12:49,'Criminal Minds' star Mandy Patinkin shares unconventional plan for after his death,criminal mind star mandi patinkin share unconventional plan death,"This material may not be published, broadcast, rewritten, or redistributed. ©2026 FOX News Network, LLC. All rights reserved. Quotes displayed in real-time or delayed by at least 15 minutes. Market data provided by Factset . Powered and implemented by FactSet Digital Solutions . Legal Statement . Mutual Fund and ETF data provided by LSEG .",material mai publish broadcast rewritten redistribut © fox new network llc right reserv quote displai realtime delai least minute market data provid factset power implement factset digital solution legal statement mutual fund etf data provid lseg
FOX,https://www.foxnews.com/us/onlyfans-model-courtney-clenney-strikes-murder-case-plea-deal-boyfriends-stabbing-death,2026-07-31 18:05:22,OnlyFans model Courtney Clenney strikes murder-case plea deal in boyfriend’s stabbing death,onlyfan model courtnei clennei strike murdercase plea deal boyfriend’ stab death,"This material may not be published, broadcast, rewritten, or redistributed. ©2026 FOX News Network, LLC. All rights reserved. Quotes displayed in real-time or delayed by at least 15 minutes. Market data provided by Factset . Powered and implemented by FactSet Digital Solutions . Legal Statement . Mutual Fund and ETF data provided by LSEG .",material mai publish broadcast rewritten redistribut © fox new network llc right reserv quote displai realtime delai least minute market data provid factset power implement factset digital solution legal statement mutual fund etf data provid lseg
FOX,https://www.foxnews.com/politics/trump-predicts-more-us-strikes-iran-vows-win,2026-07-31 18:02:05,Trump warns Iran fighting isn't over as he vows US will 'win' as talks fade,trump warn iran fight isnt vow us will win talk fade,"This material may not be published, broadcast, rewritten, or redistributed. ©2026 FOX News Network, LLC. All rights reserved. Quotes displayed in real-time or delayed by at least 15 minutes. Market data provided by Factset . Powered and implemented by FactSet Digital Solutions . Legal Statement . Mutual Fund and ETF data provided by LSEG .",material mai publish broadcast rewritten redistribut © fox new network llc right reserv quote displai realtime delai least minute market data provid factset power implement factset digital solution legal statement mutual fund etf data provid lseg
FOX,https://www.foxnews.com/outkick-sports/pat-mcafee-pokes-fun-anthony-fauci-pleading-fifth-amendment-live-espn,2026-07-31 18:00:13,Pat McAfee pokes fun at Anthony Fauci pleading the Fifth Amendment live on ESPN,pat mcafee poke fun anthoni fauci plead fifth amendment live espn,Philadelphia Eagles defensive coordinator Vic Fangio jokingly invoked the Fifth Amendment during a team press conference following Anthony Fauci's Senate hearing.,philadelphia eagle defensive coordinator vic fangio jokingli invok fifth amendment team press conference follow anthoni fauci senate hear
FOX,https://www.foxnews.com/us/mangione-lawyers-say-media-limits-murder-trial-unconstitutional-fear-court-hand-pick-press,2026-07-31 17:32:10,"Mangione lawyers say media limits at murder trial are unconstitutional, fear court will 'hand-pick' press",mangione lawyer sai media limit murder trial unconstitutional fear court will handpick press,"This material may not be published, broadcast, rewritten, or redistributed. ©2026 FOX News Network, LLC. All rights reserved. Quotes displayed in real-time or delayed by at least 15 minutes. Market data provided by Factset . Powered and implemented by FactSet Digital Solutions . Legal Statement . Mutual Fund and ETF data provided by LSEG .",material mai publish broadcast rewritten redistribut © fox new network llc right reserv quote displai realtime delai least minute market data provid factset power implement factset digital solution legal statement mutual fund etf data provid lseg
FOX,https://www.foxnews.com/outkick-sports/tony-romo-future-cbs-officially-question-ahead-2028-super-bowl,2026-07-31 17:15:32,Tony Romo's future with CBS is officially in question ahead of 2028 Super Bowl,toni romo future cb officialli question ahead super bowl,Fox News national correspondent Kevin Corke reports on Tony Romo’s refusal to take a breathalyzer test on ‘The Will Cain Show.’,fox new national correspondent kevin corke report toni romo’ refusal take breathalyzer test ‘the will cain show’
FOX,https://www.foxnews.com/us/fbi-releases-eerie-new-age-progression-renderings-accused-university-colorado-student-killer,2026-07-31 17:09:32,FBI releases eerie new age-progression renderings of accused University of Colorado student killer,fbi release eerie new ageprogression render accus universiti colorado student killer,"This material may not be published, broadcast, rewritten, or redistributed. ©2026 FOX News Network, LLC. All rights reserved. Quotes displayed in real-time or delayed by at least 15 minutes. Market data provided by Factset . Powered and implemented by FactSet Digital Solutions . Legal Statement . Mutual Fund and ETF data provided by LSEG .",material mai publish broadcast rewritten redistribut © fox new network llc right reserv quote displai realtime delai least minute market data provid factset power implement factset digital solution legal statement mutual fund etf data provid lseg
FOX,https://www.foxnews.com/entertainment/fire-country-star-diane-farr-leaves-los-angeles-after-30-years-start-her-third-act,2026-07-31 17:06:14,'Fire Country' star Diane Farr leaves Los Angeles after 30 years to start her 'third act',fire countri star diane farr leave lo angele year start third act,"This material may not be published, broadcast, rewritten, or redistributed. ©2026 FOX News Network, LLC. All rights reserved. Quotes displayed in real-time or delayed by at least 15 minutes. Market data provided by Factset . Powered and implemented by FactSet Digital Solutions . Legal Statement . Mutual Fund and ETF data provided by LSEG .",material mai publish broadcast rewritten redistribut © fox new network llc right reserv quote displai realtime delai least minute market data provid factset power implement factset digital solution legal statement mutual fund etf data provid lseg
FOX,https://www.foxnews.com/us/weapons-stockpile-shortages-impacting-military-strategy-mideast,2026-07-31 17:01:51,Weapons stockpile shortages impacting military strategy in the Mideast,weapon stockpile shortage impact militari strategi mideast,"This material may not be published, broadcast, rewritten, or redistributed. ©2026 FOX News Network, LLC. All rights reserved. Quotes displayed in real-time or delayed by at least 15 minutes. Market data provided by Factset . Powered and implemented by FactSet Digital Solutions . Legal Statement . Mutual Fund and ETF data provided by LSEG .",material mai publish broadcast rewritten redistribut © fox new network llc right reserv quote displai realtime delai least minute market data provid factset power implement factset digital solution legal statement mutual fund etf data provid lseg
CNN,https://edition.cnn.com/webview/politics/live-news/trump-indictment-stormy-daniels-news-04-03-23/index.html,2023-04-05 00:12:00,"April 3, 2023 Trump indictment news",april trump indictment new,"Acting New York Supreme Court Judge Juan Merchan wrote his Monday night order that the media’s request to broadcast the arraignment of former President Donald Trump was understandable, but that the news organizations’ interests in providing the broadest possible access to the proceedings must be weighed against “competing interests.”",act new york supreme court judge juan merchan wrote mondai night order media’ request broadcast arraignment former president donald trump understandable new organizations’ interest provid broadest possible access proceed must weigh “compet interests”
CNN,https://www.cnn.com/videos/politics/2023/04/05/maggie-haberman-donald-trump-speech-indictment-reaction-sot-cnntm-vpx.cnn,2023-04-05 09:23:08,Haberman reveals why Trump attacked judge and his family in speech,haberman reveal trump attack judge famili speech,© 2026 Cable News Network. A Warner Bros. Discovery Company. All Rights Reserved. CNN Sans ™ & © 2016 Cable News Network.,© cable new network warner bro discoveri compani right reserv cnn san ™ © cable new network
CNN,https://cnn.it/411KYN7,2023-04-04 17:01:22,READ: Trump indictment and statement of facts related to hush money payment,read trump indictment statement fact relate hush monei payment,Former President Donald Trump has been charged with 34 felony counts in an indictment unsealed Tuesday . Read the indictment and statement of facts here.,former president donald trump charg feloni count indictment unseal tuesdai read indictment statement fact
CNN,https://edition.cnn.com/webview/europe/live-news/russia-ukraine-war-news-04-03-23/index.html,2023-04-04 08:00:00,"April 3, 2023 - Russia-Ukraine news",april russiaukraine new,Our live coverage for the day has ended. Follow the latest Ukraine news here or read through the updates below.,live coverage dai end follow latest ukraine new read update
CNN,https://www.cnn.com/videos/world/2023/04/02/russian-military-blogger-vladlen-tatarsky-killed-cafe-explosion-chance-vpx.cnn,2023-04-02 17:14:48,Video shows moment of deadly explosion at cafe in Russia,video show moment deadli explosion cafe russia,© 2026 Cable News Network. A Warner Bros. Discovery Company. All Rights Reserved. CNN Sans ™ & © 2016 Cable News Network.,© cable new network warner bro discoveri compani right reserv cnn san ™ © cable new network
CNN,https://www.cnn.com/2023/04/03/politics/chinese-spy-balloon/index.html,2023-04-03 09:38:22,Chinese spy balloon was able to transmit information back to Beijing,chinese spy balloon able transmit information back beij,"The Chinese spy balloon that transited the US earlier this year was able to capture imagery and collect some signals intelligence from US military sites, a source familiar with the matter tells CNN.",chinese spy balloon transit us earlier year able capture imageri collect signal intelligence us militari site source familiar matter tell cnn
CNN,https://www.cnn.com/2023/04/04/asia/tsai-ing-wen-taiwan-mccarthy-meeting-analysis-intl-hnk/index.html,2023-04-04 03:49:53,Beijing promised to ‘fight back’ over Taiwan leader’s US visit. But this time it has more to lose,beij promis ‘fight back’ taiwan leader’ us visit time lose,An anticipated meeting between Taiwan’s President Tsai Ing-wen and US House Speaker Kevin McCarthy in California this week has sparked concerns of a repeat of the pressure campaign China launched last year when then-Speaker Nancy Pelosi visited Taipei.,anticipate meet taiwan’ president tsai ingwen us house speaker kevin mccarthi california week spark concern repeat pressure campaign china launch last year thenspeaker nanci pelosi visit taipei
CNN,https://www.cnn.com/videos/world/2023/04/03/soldiers-russia-ukraine-war-david-mckenzie-pkg-ovn-intl-ldn-vpx.cnn,2023-04-03 08:13:24,"‘Scary, cold, hungry and lonely’: Volunteer soldier shares experience on front line",‘scari cold hungri lonely’ volunteer soldier share experience front line,© 2026 Cable News Network. A Warner Bros. Discovery Company. All Rights Reserved. CNN Sans ™ & © 2016 Cable News Network.,© cable new network warner bro discoveri compani right reserv cnn san ™ © cable new network
CNN,https://www.cnn.com/2023/04/03/world/artemis-2-astronaut-crew-scn/index.html,2023-04-04 07:44:30,The four astronauts NASA picked for the first crewed moon mission in 50 years,four astronaut nasa pick first crew moon mission year,"Sign up for CNN’s Wonder Theory science newsletter. Explore the universe with news on fascinating discoveries, scientific advancements and more .",sign cnn’ wonder theori science newsletter explore universe new fascinate discoveri scientific advancement
CNN,https://www.cnn.com/2023/04/02/europe/french-minister-playboy-cover-intl/index.html,2023-04-03 07:54:59,French minister under fire for Playboy magazine cover,french minister fire playboi magazine cover,French government minister Marlene Schiappa has come under fire from members of her own party after appearing on the front cover of Playboy magazine .,french government minister marlene schiappa come fire member parti appear front cover playboi magazine
CNN,https://www.cnn.com/videos/world/2023/04/03/finland-prime-minister-sanna-marin-concedes-election-right-wing-party-wins-ovn-intl-ldn-vpx.cnn,2023-04-03 04:39:00,Why did Finland’s PM lose? Reporter explains the key issue voters cared about,finland’ pm lose reporter explain kei issue voter car,© 2026 Cable News Network. A Warner Bros. Discovery Company. All Rights Reserved. CNN Sans ™ & © 2016 Cable News Network.,© cable new network warner bro discoveri compani right reserv cnn san ™ © cable new network
CNN,https://www.cnn.com/2023/04/04/investing/british-pound-currency-dollar/index.html,2023-04-04 14:49:31,Britain’s pound is beating every other major currency this year,britain’ pound beate everi major currenci year,"The British pound crashed to a record low last fall as investors rebelled against budget plans by former Prime Minister Liz Truss. Now, it’s enjoying a comeback.",british pound crash record low last fall investor rebell budget plan former prime minister liz truss now it’ enjoi comeback
CNN,https://www.cnn.com/2023/04/02/europe/sanna-marin-finland-elections-concedes-intl/index.html,2023-04-03 06:24:55,Finland’s Prime Minister Sanna Marin concedes election,finland’ prime minister sanna marin concede election,Finland’s left-wing Prime Minister Sanna Marin conceded defeat on Sunday in the Nordic country’s parliamentary election as the opposition right-wing National Coalition Party (NCP) claimed victory in a tightly fought contest.,finland’ leftw prime minister sanna marin conced defeat sundai nordic country’ parliamentari election opposition rightw national coalition parti ncp claim victori tightli fought contest
CNN,https://cnn.it/40OSomK,2023-04-03 05:16:37,"‘I’ve never seen anything like this:’ One of China’s most popular apps has the ability to spy on its users, say experts",‘i’ve never seen anyth like this’ one china’ popular app abiliti spy user sai expert,"It is one of China’s most popular shopping apps, selling clothing, groceries and just about everything else under the sun to more than 750 million users a month.",one china’ popular shop app sell cloth groceri just everyth else sun million user month
CNN,https://www.cnn.com/style/article/beauty-skincare-climate/index.html,2023-04-06 16:09:14,The $500 billion beauty industry’s ‘green’ ambitions are a patchwork at best. And they’re falling short,billion beauti industry’ ‘green’ ambition patchwork best they’re fall short,"The escalating climate crisis is shifting many people’s purchasing patterns and this extends to the $500 billion dollar global beauty industry which is grappling with a range of sustainability challenges across product manufacturing, packaging and disposal.",escalate climate crisi shift mani people’ purchas pattern extend billion dollar global beauti industri grappl range sustainabiliti challenge across product manufactur packag disposal
CNN,https://www.cnn.com/2023/04/03/health/nasal-vaccine-sterilizing-immunity/index.html,2023-04-03 15:04:07,A new approach to a Covid-19 nasal vaccine shows early promise,new approach covid nasal vaccine show earli promise,"Scientists in Germany say they’ve been able to make a nasal vaccine that can shut down a Covid-19 infection in the nose and throat, where the virus gets its first foothold in the body.",scientist germani sai they’ve able make nasal vaccine can shut covid infection nose throat viru get first foothold bodi
CNN,https://www.cnn.com/videos/world/2023/04/03/man-throws-yogurt-on-women-iran-president-raisi-hijab-is-law-nada-bashir-ovn-intl-ldn-vpx.cnn,2023-04-03 06:17:00,Video shows moment man throws yogurt on two women in Iran,video show moment man throw yogurt two women iran,© 2026 Cable News Network. A Warner Bros. Discovery Company. All Rights Reserved. CNN Sans ™ & © 2016 Cable News Network.,© cable new network warner bro discoveri compani right reserv cnn san ™ © cable new network
CNN,https://www.cnn.com/2023/04/03/middleeast/israel-protests-military-veterans-intl-cmd/index.html,2023-04-03 13:22:51,"Israeli military veterans, a backbone of protest movement, vow to keep demonstrating",israeli militari veteran backbone protest movement vow keep demonstrate,"In a sea of Israeli flags, Yiftach Golov holds one that looks a little different.",sea israeli flag yiftach golov hold one look little different
CNN,https://www.cnn.com/2023/04/03/middleeast/kurdish-kingmaker-turkish-elections-mime-intl/index.html,2023-04-03 10:54:00,Erdogan’s political fate may be determined by Turkey’s Kurds,erdogan’ political fate mai determin turkey’ kurd,"Editor’s Note: A version of this story first appeared in CNN’s Meanwhile in the Middle East newsletter, a three-times-a-week look inside the region’s biggest stories. Sign up here .",editor’ note version stori first appear cnn’ meanwhile middle east newsletter threetimesaweek look inside region’ biggest stori sign
CNN,https://www.cnn.com/2023/04/03/investing/dogecoin-elon-musk-twitter/index.html,2023-04-03 16:48:03,Dogecoin jumps after Elon Musk replaces Twitter bird with Shiba Inu,dogecoin jump elon musk replace twitter bird shiba inu,"Twitter’s traditional bird icon was booted and replaced with an image of a Shiba Inu, an apparent nod to dogecoin, the joke cryptocurrency that CEO Elon Musk is being sued over.",twitter’ traditional bird icon boot replac image shiba inu apparent nod dogecoin joke cryptocurrenci ceo elon musk su
CNN,https://www.cnn.com/2023/04/03/tech/china-micron-probe-us-chip-war-intl-hnk/index.html,2023-04-03 23:17:15,Micron Technology: China probes US chip maker for cybersecurity risks as tech tension escalates,micron technologi china probe us chip maker cybersecuriti risk tech tension escalate,"China has launched a cybersecurity probe into Micron Technology, one of America’s largest memory chip makers, in apparent retaliation after US allies in Asia and Europe announced new restrictions on the sale of key technology to Beijing.",china launch cybersecuriti probe micron technologi one america’ largest memori chip maker apparent retaliation us alli asia europe announc new restriction sale kei technologi beij
CNN,https://www.cnn.com/videos/weather/2023/04/02/little-rock-arkansas-tornado-man-inside-van-cnntmw-vpx.cnn,2023-04-02 07:07:02,Man rides out tornado inside van. See the footage,man ride tornado inside van see footage,© 2026 Cable News Network. A Warner Bros. Discovery Company. All Rights Reserved. CNN Sans ™ & © 2016 Cable News Network.,© cable new network warner bro discoveri compani right reserv cnn san ™ © cable new network
CNN,https://www.cnn.com/2023/04/03/investing/china-renaissance-delays-results-missing-ceo-intl-hnk/index.html,2023-04-03 07:42:19,"China Renaissance suspends trading, delays results after founder’s disappearance",china renaissance suspend trad delai result founder’ disappearance,"China Renaissance, a top dealmaker in the country’s tech industry, said it would suspend trading of its shares and delay the release of its annual results because it still can’t get in touch with its founder.",china renaissance top dealmaker country’ tech industri said suspend trad share delai release annual result still can’t get touch founder
CNN,https://www.cnn.com/2023/04/03/business/hsbc-spin-off-hk-shareholder-meeting-intl-hnk/index.html,2023-04-03 08:31:48,HSBC’s top execs face tense shareholders calling for a breakup,hsbc’ top exec face tense shareholder call breakup,"HSBC’s top brass defended their strategy Monday to frustrated shareholders in the lender’s largest market, as Europe’s biggest bank continued to face calls to be split up.",hsbc’ top brass defend strategi mondai frustrate shareholder lender’ largest market europe’ biggest bank continu face call split
CNN,https://www.cnn.com/videos/politics/2023/04/02/john-fetterman-depression-downward-spiral-acostanr-sot-vpx.cnn,2023-04-02 19:08:59,Senator speaks out about his struggle with depression,senator speak struggle depression,© 2026 Cable News Network. A Warner Bros. Discovery Company. All Rights Reserved. CNN Sans ™ & © 2016 Cable News Network.,© cable new network warner bro discoveri compani right reserv cnn san ™ © cable new network
CNN,https://www.cnn.com/2023/04/03/investing/premarket-stocks-trading/index.html,2023-04-03 07:19:35,CEOs are tired of being held responsible for gun regulation,ceo tir held responsible gun regulation,A version of this story first appeared in CNN Business’ Before the Bell newsletter. Not a subscriber? You can sign up right here . You can listen to an audio version of the newsletter by clicking the same link.,version stori first appear cnn business’ bell newsletter subscriber can sign right can listen audio version newsletter click link
CNN,https://www.cnn.com/2023/04/03/opinions/pet-cemeteries-burying-animals-history-tourigny/index.html,2023-04-03 11:03:47,"Opinion: ‘Until we meet again, brave little cat.’ The heartbreak and taboo of burying our pets",opinion ‘until meet brave little cat’ heartbreak taboo buri pet,"Editor’s Note: Eric Tourigny is a lecturer in historical archaeology at Newcastle University, UK. His research interprets osteological and material culture remains alongside historic texts to examine changing human-animal relationships in Europe and North America over the past 500 years. The views expressed in this commentary are his own. Read more opinion on CNN.",editor’ note eric tourigni lecturer historical archaeologi newcastle universiti uk research interpret osteological material culture remain alongside historic text examine chang humananimal relationship europe north america past year view express commentari read opinion cnn
CNN,https://www.cnn.com/2023/04/03/asia/deepest-fish-filmed-off-japan-scn-intl-hnk/index.html,2023-04-18 11:32:03,Scientists film deepest ever fish on seabed off Japan,scientist film deepest ever fish seab japan,"Sign up for CNN’s Wonder Theory science newsletter. Explore the universe with news on fascinating discoveries, scientific advancements and more.",sign cnn’ wonder theori science newsletter explore universe new fascinate discoveri scientific advancement
CNN,https://www.cnn.com/2023/04/03/energy/gas-prices-opec/index.html,2023-04-03 21:48:26,What OPEC’s surprise oil cut means for gas prices,opec’ surprise oil cut mean ga price,OPEC and its allies’ surprise move to slash oil production will soon be felt at US gas pumps.,opec allies’ surprise move slash oil production will soon felt us ga pump
CNN,https://www.cnn.com/videos/world/2023/03/31/israel-protests-rise-taxi-driver-attacked-robertson-pkg-intl-vpx.cnn,2023-03-31 11:50:32,Palestinian taxi driver recounts surviving attack by right-wing protesters,palestinian taxi driver recount surviv attack rightw protester,© 2026 Cable News Network. A Warner Bros. Discovery Company. All Rights Reserved. CNN Sans ™ & © 2016 Cable News Network.,© cable new network warner bro discoveri compani right reserv cnn san ™ © cable new network
CNN,https://www.cnn.com/2023/04/03/opinions/60-minutes-marjorie-taylor-greene-interview-obeidallah/index.html,2023-04-03 08:26:59,Opinion: Why is ‘60 Minutes’ amplifying the views of Marjorie Taylor Greene?,opinion ‘ minutes’ amplifi view marjorie taylor greene,"Editor’s Note: Dean Obeidallah, a former attorney, is the host of SiriusXM radio’s daily program “The Dean Obeidallah Show.” Follow him @DeanObeidallah@masto.ai . The opinions expressed in this commentary are his own. View more opinion on CNN.",editor’ note dean obeidallah former attornei host siriusxm radio’ daili program “the dean obeidallah show” follow deanobeidallahmastoai opinion express commentari view opinion cnn
CNN,https://www.cnn.com/travel/article/new-big-5-wildlife-photography-book-c2e-scn-spc-intl/index.html,2023-04-04 06:38:46,‘The New Big 5’: Wildlife photography book turns the lens on animals at risk,‘the new big ’ wildlife photographi book turn len animal risk,"Editor’s Note: Call to Earth is a CNN editorial series committed to reporting on the environmental challenges facing our planet, together with the solutions. Rolex’s Perpetual Planet initiative has partnered with CNN to drive awareness and education around key sustainability issues and to inspire positive action.",editor’ note call earth cnn editorial seri commit report environmental challenge fac planet together solution rolex’ perpetual planet initiative partner cnn drive awareness education around kei sustainabiliti issue inspire positive action
CNN,https://www.cnn.com/2023/04/04/europe/germany-mayor-syrian-refugee-intl/index.html,2023-04-04 15:41:56,"Syrian refugee elected mayor of German town, years after fleeing war",syrian refugee elect mayor german town year fle war,A Syrian who arrived in Germany as a refugee in 2015 has won a mayoral election in the southwestern German state of Baden-Württemberg.,syrian arriv germani refugee won mayoral election southwestern german state badenwürttemberg
CNN,https://www.cnn.com/2023/04/03/health/autism-lithium-study/index.html,2023-04-03 14:22:12,"Study finds slightly higher risk of autism diagnosis in areas with more lithium in drinking water, but experts say more research is needed",studi find slightli higher risk autism diagnosi area lithium drink water expert sai research need,"A new study found a moderately higher risk of autism spectrum disorder in children born to pregnant people exposed to tap water with higher levels of lithium, but experts caution that this association does not show a direct link between the two.",new studi found moderateli higher risk autism spectrum disorder children born pregnant people expos tap water higher level lithium expert caution association show direct link two
CNN,https://www.cnn.com/style/article/kwame-brathwaite-obituary-tan/index.html,2023-04-04 14:54:41,"Kwame Brathwaite, photographer of ‘Black is Beautiful’ movement, dies at 85",kwame brathwaite photographer ‘black beautiful’ movement di,"Editor’s Note: This article was originally published by The Art Newspaper , an editorial partner of CNN Style.",editor’ note article originalli publish art newspaper editorial partner cnn style
CNN,https://www.cnn.com/travel/article/haggis-scotland-secrets/index.html,2023-04-03 08:43:16,This boiled bag of offal is banned in the US. In Scotland it’s a fine-dining treat,boil bag offal ban us scotland it’ finedin treat,"Anthony Bourdain loved haggis. But even the late, great American chef, writer and television host recognized that Scotland’s national dish, with its “sinister sheep parts” wrapped in a shroud of mystery and half-invented history, could be a hard sell.",anthoni bourdain lov haggi even late great american chef writer television host recognize scotland’ national dish “sinister sheep parts” wrap shroud mysteri halfinvent histori hard sell
CNN,https://www.cnn.com/2023/04/03/tech/twitter-blue-checks/index.html,2023-04-03 16:06:03,Elon Musk’s Twitter promised a purge of blue check marks. Instead he singled out one account,elon musk’ twitter promis purge blue check mark instead singl one account,"Some VIP Twitter users woke up on Saturday expecting to have lost their coveted blue verification check marks in a previously announced purge by Elon Musk. Instead, Twitter appeared to target a single account from a major publication Musk dislikes and changed the language on its site in a way that obscures why users are verified.",vip twitter user woke saturdai expect lost covet blue verification check mark previousli announc purge elon musk instead twitter appear target single account major publication musk dislike chang language site wai obscure user verifi
CNN,https://www.cnn.com/videos/travel/2023/04/03/snailfish-deepest-fish-on-camera-lon-orig-ao-cprog-scn.cnn,2023-04-03 11:11:52,See the world’s deepest fish,see world’ deepest fish,© 2026 Cable News Network. A Warner Bros. Discovery Company. All Rights Reserved. CNN Sans ™ & © 2016 Cable News Network.,© cable new network warner bro discoveri compani right reserv cnn san ™ © cable new network
CNN,https://www.cnn.com/2023/04/03/entertainment/emma-willis-mabel-birthday-photos-intl-scli/index.html,2023-04-03 05:34:27,Emma Heming Willis shares family photos as daughter Mabel turns 11,emma hem willi share famili photo daughter mabel turn,"Bruce Willis’ wife, Emma Heming Willis , has celebrated their elder daughter’s birthday with a trip down memory lane.",bruce willis’ wife emma hem willi celebrate elder daughter’ birthdai trip memori lane
CNN,https://www.cnn.com/2023/04/03/football/lionel-messi-psg-whistles-fans-spt-intl/index.html,2023-04-03 07:02:06,Some fans whistle as Lionel Messi’s name is announced as Paris Saint-Germain’s season hits new low,fan whistle lionel messi’ name announc pari saintgermain’ season hit new low,Paris Saint-Germain’s miserable season went from bad to worse on Sunday as the team suffered a second straight home defeat with a 1-0 loss to Lyon.,pari saintgermain’ miserable season went bad worse sundai team suffer second straight home defeat loss lyon
CNN,https://www.cnn.com/2023/04/03/football/chelsea-graham-potter-manager-premier-league-spt-intl/index.html,2023-04-03 10:46:53,Chelsea searches for new manager as Premier League breaks record for most sackings in a single season,chelsea searche new manager premier league break record sack single season,"It was just six months ago that Graham Potter was deemed the man to usher in a fresh, exciting era at Chelsea.",just six month ago graham potter deem man usher fresh excit era chelsea
CNN,https://www.cnn.com/videos/media/2023/04/02/mark-hamill-star-wars-jim-acosta-skywalker-cprog-acostanr-vpx.cnn,2023-04-01 20:37:43,See ‘Star Wars’ legend react to Acosta’s Darth Vader impression,see ‘star wars’ legend react acosta’ darth vader impression,"Most stock quote data provided by BATS. US market indices are shown in real time, except for the S&P 500 which is refreshed every two minutes. All times are ET. Factset: FactSet Research Systems Inc. All rights reserved. Chicago Mercantile: Certain market data is the property of Chicago Mercantile Exchange Inc. and its licensors. All rights reserved. Dow Jones: The Dow Jones branded indices are proprietary to and are calculated, distributed and marketed by DJI Opco, a subsidiary of S&P Dow Jones Indices LLC and have been licensed for use to S&P Opco, LLC and CNN. Standard & Poor’s and S&P are registered trademarks of Standard & Poor’s Financial Services LLC and Dow Jones is a registered trademark of Dow Jones Trademark Holdings LLC. All content of the Dow Jones branded indices Copyright S&P Dow Jones Indices LLC and/or its affiliates. Fair value provided by IndexArb.com. Market holidays and trading hours provided by Copp Clark Limited.",stock quote data provid bat us market indice shown real time except sp refresh everi two minute time et factset factset research system inc right reserv chicago mercantile certain market data properti chicago mercantile exchange inc licensor right reserv dow jone dow jone brand indice proprietari calculate distribut market dji opco subsidiari sp dow jone indice llc licens use sp opco llc cnn standard poor’ sp register trademark standard poor’ financial service llc dow jone register trademark dow jone trademark hold llc content dow jone brand indice copyright sp dow jone indice llc andor affiliate fair value provid indexarbcom market holidai trad hour provid copp clark limit
CNN,https://www.cnn.com/2023/04/03/sport/angel-reese-gesture-caitlin-clark-lsu-iowa-spt-intl/index.html,2023-04-03 14:34:35,Angel Reese defends gesture directed towards Caitlin Clark after LSU national title win; calls out double standard after being ‘unapologetically’ her,angel reese defend gesture direct toward caitlin clark lsu national title win call double standard ‘unapologetically’,"LSU star Angel Reese defended the gesture she aimed at Iowa Hawkeyes’ Caitlin Clark near the end of the Tigers’ first NCAA women’s basketball national championship victory on Sunday, saying “I don’t take disrespect lightly.”",lsu star angel reese defend gesture aim iowa hawkeyes’ caitlin clark near end tigers’ first ncaa women’ basketball national championship victori sundai sai “i don’t take disrespect lightly”
CNN,https://www.cnn.com/2023/04/03/sport/summer-mcintosh-world-record-canada-swimmer-spt-intl/index.html,2023-04-03 08:17:19,Canadian teenage swimmer Summer McIntosh breaks another world record,canadian teenage swimmer summer mcintosh break another world record,Sixteen-year-old Summer McIntosh broke the world record for the 400m individual medley at the Canadian swimming trials on Saturday – just days after breaking the world record for the 400m freestyle.,sixteenyearold summer mcintosh broke world record m individual medlei canadian swim trial saturdai – just dai break world record m freestyle
CNN,https://www.cnn.com/2023/04/03/golf/rory-mcilroy-masters-meltdown-2011-spt-spc-intl/index.html,2024-04-09 11:25:18,The haunting Masters meltdown that changed Rory McIlroy’s career,haunt master meltdown chang rori mcilroy’ career,Editor’s Note: This story was originally published in April 2023.,editor’ note stori originalli publish april
CNN,https://www.cnn.com/videos/us/2023/03/31/snowboarder-rescue-mt-baker-washington-cprog-lon-orig-na.cnn,2023-03-31 08:33:33,A snowboarder got buried upside down in snow. See skier’s quick reaction.,snowboarder got buri upside snow see skier’ quick reaction,© 2026 Cable News Network. A Warner Bros. Discovery Company. All Rights Reserved. CNN Sans ™ & © 2016 Cable News Network.,© cable new network warner bro discoveri compani right reserv cnn san ™ © cable new network
CNN,https://www.cnn.com/2023/04/03/sport/march-madness-championship-game-final-preview-spt-intl/index.html,2023-04-04 06:13:13,Connecticut routs San Diego State to win its fifth NCAA men’s basketball title after dominating tournament,connecticut rout san diego state win fifth ncaa men’ basketball title dominate tournament,The University of Connecticut won its fifth men’s basketball national title with a 76-59 victory over San Diego State University on Monday night at NRG Stadium in Houston.,universiti connecticut won fifth men’ basketball national title victori san diego state universiti mondai night nrg stadium houston
CNN,https://www.cnn.com/2023/04/03/entertainment/shania-twain-equal-diversity/index.html,2023-04-03 12:29:08,Shania Twain calls for equal play and more diversity in country music,shania twain call equal plai diversiti countri music,The legendary star in the genre used her acceptance speech for the Equal Play Award at Sunday’s CMT Awards to call for more equity and diversity in the country music industry.,legendari star genre us acceptance speech equal plai award sunday’ cmt award call equiti diversiti countri music industri
CNN,https://www.cnn.com/business/live-news/stock-market-bank-earnings/index.html,2023-04-15 04:23:00,Markets digest bank earnings after recent turmoil,market digest bank earn recent turmoil,Our live coverage for the day has ended. Follow the latest business news here or read through the updates below.,live coverage dai end follow latest business new read update
CNN,https://www.cnn.com/2023/04/13/success/tax-filing-tips/index.html,2023-04-14 16:07:40,Still haven’t filed your taxes? Here’s what you need to know,still haven’t fil taxe here’ need know,"So far this tax season, the IRS has received more than 100 million income tax returns for 2022.",far tax season ir receiv million income tax return
CNN,https://www.cnn.com/2023/04/14/economy/march-retail-sales/index.html,2023-04-14 10:29:52,Retail spending fell in March as consumers pull back,retail spend fell march consumer pull back,Spending at US retailers fell in March as consumers pulled back after the banking crisis fueled recession fears.,spend us retailer fell march consumer pull back bank crisi fuel recession fear
CNN,https://www.cnn.com/2023/04/14/media/fox-news-dominion-hnk-intl/index.html,2023-04-14 02:41:00,Analysis: Fox News is about to enter the true No Spin Zone,analysi fox new enter true spin zone,"The media defamation trial of the century is on the precipice of kicking off in Wilmington, Delaware, in just days.",media defamation trial centuri precipice kick wilmington delaware just dai
CNN,https://www.cnn.com/2023/04/13/business/silicon-valley-bank-entrepreneurs-of-color-reaj/index.html,2023-04-13 17:13:04,Silicon Valley Bank collapse renews calls to address disparities impacting entrepreneurs of color,silicon vallei bank collapse renew call address dispariti impact entrepreneur color,"When customers at Silicon Valley Bank rushed to withdraw billions of dollars last month, venture capitalist Arlan Hamilton stepped in to help some of the founders of color who panicked about losing access to payroll funds.",customer silicon vallei bank rush withdraw billion dollar last month venture capitalist arlan hamilton step help founder color panick los access payroll fund
CNN,https://www.cnn.com/2022/03/21/us/lake-powell-capacity-shrinking-drought-climate/index.html,2022-03-21 15:54:24,"Not only is Lake Powell’s water level plummeting because of drought, its total capacity is shrinking, too",lake powell’ water level plummet drought total capaciti shrink,"Lake Powell , the second-largest human-made reservoir in the US, has lost nearly 7% of its potential storage capacity since 1963, when Glen Canyon Dam was built, a new report shows.",lake powell secondlargest humanmade reservoir us lost nearli potential storage capaciti since glen canyon dam built new report show
CNN,https://www.cnn.com/2022/03/22/world/air-pollution-2021-iqair-report-climate/index.html,2022-03-22 12:43:47,"These were the best and worst places for air quality in 2021, new report shows",best worst place air qualiti new report show,"Air pollution spiked to unhealthy levels around the world in 2021, according to a new report.",air pollution spik unhealthi level around world accord new report
CNN,https://www.cnn.com/2022/03/20/us/solar-power-on-big-box-store-rooftops-climate/index.html,2022-03-20 03:01:50,Big-box stores could help slash emissions and save millions by putting solar panels on roofs. Why aren’t more of them doing it?,bigbox store help slash emission save million put solar panel roof aren’t,"As the US attempts to wean itself off its heavy reliance on fossil fuels and shift to cleaner energy sources , many experts are eyeing a promising solution: your neighborhood big-box stores and shopping malls.",us attempt wean heavi reliance fossil fuel shift cleaner energi source mani expert eye promis solution neighborhood bigbox store shop mall
CNN,https://www.cnn.com/style/article/blackpink-coachella-2023-hanboks-lotw/index.html,2023-04-18 11:39:40,Look of the Week: Blackpink headline Coachella in Korean hanboks,look week blackpink headline coachella korean hanbok,"Editor’s Note: Featuring the good, the bad and the ugly, ‘Look of the Week’ is a regular series dedicated to unpacking the most talked about outfit of the last seven days.",editor’ note featur good bad ugli ‘look week’ regular seri dedicate unpack talk outfit last seven dai
CNN,https://www.cnn.com/style/article/old-masters-da-vinci-egg-yolk-painting-scn/index.html,2023-03-30 13:43:18,Scientists identify secret ingredient in Leonardo da Vinci paintings,scientist identifi secret ingredient leonardo da vinci paint,"Editor’s Note: Sign up for CNN’s Wonder Theory science newsletter. Explore the universe with news on fascinating discoveries, scientific advancements and more .",editor’ note sign cnn’ wonder theori science newsletter explore universe new fascinate discoveri scientific advancement
CNN,https://www.cnn.com/style/article/playboy-the-conversation/index.html,2023-04-11 03:10:28,How Playboy cut ties with Hugh Hefner to create a post-MeToo brand,playboi cut ti hugh hefner create postmetoo brand,"Editor’s Note: The views expressed in this commentary are solely those of the writers. CNN is showcasing the work of The Conversation , a collaboration between journalists and academics to provide news analysis and commentary. The content is produced solely by The Conversation.",editor’ note view express commentari soleli writer cnn showcas work conversation collaboration journalist academic provide new analysi commentari content produc soleli conversation
CNN,https://www.cnn.com/style/article/fashion-week-fall-winter-2023-size-diversity-skinny-wegovy/index.html,2023-04-06 16:53:38,‘A definitive backslide.’ Inside fashion’s worrying runway trend,‘a definitive backslide’ inside fashion’ worri runwai trend,"Now that the Fall-Winter 2023 catwalks have been disassembled, it’s clear one trend was more pervasive than any collective penchant for ruffles, pleated skirts or tailored coats.",now fallwinter catwalk disassemble it’ clear one trend pervasive collective penchant ruffle pleate skirt tailor coat
CNN,https://www.cnn.com/style/article/michael-jordan-sneakers-1998-finals-sothebys-auction-record/index.html,2023-04-11 23:17:57,Michael Jordan’s 1998 NBA Finals sneakers sell for a record $2.2 million,michael jordan’ nba final sneaker sell record million,Editor’s Note: This story was updated with the final sale price and other details following the auction.,editor’ note stori update final sale price detail follow auction
CNN,https://www.cnn.com/style/article/francois-prost-gentlemens-club/index.html,2023-03-06 09:13:40,A French photographer offers an unexpected view of the United States — through its many strip clubs,french photographer offer unexpect view unit state — mani strip club,"Some people travel the world in search of adventure, while others seek out natural wonders, cultural landmarks or culinary experiences. But French photographer François Prost was looking for something altogether different during his recent road trip across America : strip clubs.",people travel world search adventure other seek natural wonder cultural landmark culinari experience french photographer françoi prost look someth altogether different recent road trip across america strip club
CNN,https://www.cnn.com/travel/article/airplane-mode-reasons-why/index.html,2023-04-07 08:52:23,Here’s the real reason to turn on airplane mode when you fly,here’ real reason turn airplane mode fly,"Editor’s Note: The views expressed in this commentary are solely those of the writer. CNN is showcasing the work of The Conversation , a collaboration between journalists and academics to provide news analysis and commentary. The content is produced solely by The Conversation.",editor’ note view express commentari soleli writer cnn showcas work conversation collaboration journalist academic provide new analysi commentari content produc soleli conversation
CNN,https://www.cnn.com/travel/article/hippo-attack-avoid-survive-paul-templer/index.html,2023-04-12 08:44:43,"‘I was up to my waist down a hippo’s throat.’ He survived, and here’s his advice",‘i waist hippo’ throat’ surviv here’ advice,"He was 28 and conducting tours in his native Zimbabwe, with a focus on photographic safaris.",conduct tour native zimbabwe focu photographic safari
CNN,https://www.cnn.com/travel/article/couple-turned-abandoned-japanese-home-into-guest-house/index.html,2023-04-10 08:22:59,Couple transforms abandoned Japanese home into guesthouse,couple transform abandon japanese home guesthouse,"Editor’s Note: Sign up for Unlocking the World, CNN Travel’s weekly newsletter . Get the latest news in aviation, food and drink, where to stay and other travel developments.",editor’ note sign unlock world cnn travel’ weekli newsletter get latest new aviation food drink stai travel development
CNN,https://www.cnn.com/travel/article/mongolia-reasons-to-visit-2023/index.html,2023-03-31 00:25:31,Why 2023 is the year to visit Mongolia,year visit mongolia,"Editor’s Note: This CNN Travel series is, or was, sponsored by the country it highlights. CNN retains full editorial control over subject matter, reporting and frequency of the articles and videos within the sponsorship, in compliance with our policy .",editor’ note cnn travel seri sponsor countri highlight cnn retain full editorial control subject matter report frequenci article video within sponsorship compliance polici
CNN,https://www.cnn.com/travel/article/china-beautiful-great-wall-sections-cmd/index.html,2023-09-17 22:57:08,Six of the most beautiful sections of the Great Wall of China,six beautiful section great wall china,"Editor’s Note: Monthly Ticket is a CNN Travel series that spotlights some of the most fascinating topics in the travel world. In September, we’re celebrating superlatives as we look at some of the world’s biggest, tallest and most expensive attractions and destinations.",editor’ note monthli ticket cnn travel seri spotlight fascinate topic travel world september we’re celebrate superlative look world’ biggest tallest expensive attraction destination
CNN,https://www.cnn.com/2022/12/11/us/cnn-heroes-all-star-tribute-hero-of-the-year/index.html,2022-12-12 05:38:27,"Nelly Cheboi, who creates computer labs for Kenyan schoolchildren, is CNN’s Hero of the Year",nelli cheboi create computer lab kenyan schoolchildren cnn’ hero year,"Nelly Cheboi , who in 2019 quit a lucrative software engineering job in Chicago to create computer labs for Kenyan schoolchildren, is the 2022 CNN Hero of the Year.",nelli cheboi quit lucrative software engineer job chicago create computer lab kenyan schoolchildren cnn hero year
CNN,https://www.cnn.com/specials/cnn-heroes-salutes-special,,CNN Heroes: Sharing the Spotlight,cnn heroe shar spotlight,Celebrities making a difference and using their platforms to shine a light on important issues.,celebriti mak difference us platform shine light important issue
CNN,https://www.cnn.com/videos/tv/2021/11/26/how-to-donate-matching-cnnheroes.cnn,2021-11-26 16:14:02,Here’s how to donate to a Top 10 CNN Hero,here’ donate top cnn hero,© 2026 Cable News Network. A Warner Bros. Discovery Company. All Rights Reserved. CNN Sans ™ & © 2016 Cable News Network.,© cable new network warner bro discoveri compani right reserv cnn san ™ © cable new network
CNN,https://www.fool.com/the-ascent/credit-cards/landing/wells-fargo-reflect-review/?utm_site=theascent&utm_campaign=ta-cc-co-cnn-welref2-ron-5-hp-sfpb&utm_medium=cpc&utm_source=cnn,2026-03-12 14:11:10,"Wells Fargo Reflect® Card Review: Great for Paying Off Debt, but Not for Rewards",well fargo reflect® card review great pai debt reward,"If you're on a Galaxy Fold, consider unfolding your phone or viewing it in full screen to best optimize your experience.",youre galaxi fold consider unfold phone view full screen best optimize experience
CNN,https://www.fool.com/the-ascent/credit-cards/landing/citi-simplicity-review/?utm_site=theascent&utm_campaign=ta-cc-co-cnn-citisimp2-ron-5-hp-sfpb&utm_medium=cpc&utm_source=cnn,2023-05-25 13:09:20,Pay No Interest for 18 Months — A Simple Way to Get Out of Credit Card Debt Faster,pai interest month — simple wai get credit card debt faster,"If you're on a Galaxy Fold, consider unfolding your phone or viewing it in full screen to best optimize your experience.",youre galaxi fold consider unfold phone view full screen best optimize experience
CNN,https://www.fool.com/the-ascent/credit-cards/landing/wells-fargo-active-cash-card-review/?utm_site=theascent&utm_campaign=ta-cc-co-cnn-welac2-ron-5-hp-sfpb&utm_medium=cpc&utm_source=cnn,2023-05-11 10:37:53,Unlimited 2% cash rewards and a simple $200 welcome offer,unlimit cash reward simple welcome offer,"If you're on a Galaxy Fold, consider unfolding your phone or viewing it in full screen to best optimize your experience.",youre galaxi fold consider unfold phone view full screen best optimize experience
CNN,https://www.lendingtree.com/?splitterid=home-equity&cproduct=he&cchannel=content&csource=cnn&cmethod=heform&ccreative=risingequitycash_housemoneystack&placement_name=sectionfronts&ad_headline=risingequitycash&ad_image_name=housemoneystack&ctype=sectionfronts&bdst=revshare&mtaid=AC53E&esourceid=6348616,,"Sorry, you have been blocked",sorri block,"This website is using a security service to protect itself from online attacks. The action you just performed triggered the security solution. There are several actions that could trigger this block including submitting a certain word or phrase, a SQL command or malformed data.",website us securiti service protect online attack action just perform trigger securiti solution several action trigger block includ submit certain word phrase sql command malform data
CNN,https://www.lendingtree.com/?splitterid=home-equity&cproduct=he&cchannel=content&csource=cnn&cmethod=heform&ccreative=dreambighomeequity_housemoneystack&placement_name=sectionfronts&ad_headline=dreambighomeequity&ad_image_name=housemoneystack&ctype=sectionfronts&bdst=revshare&mtaid=AC53E&esourceid=6348616,,"Sorry, you have been blocked",sorri block,"This website is using a security service to protect itself from online attacks. The action you just performed triggered the security solution. There are several actions that could trigger this block including submitting a certain word or phrase, a SQL command or malformed data.",website us securiti service protect online attack action just perform trigger securiti solution several action trigger block includ submit certain word phrase sql command malform data
CNN,https://www.lendingtree.com/?splitterid=home-equity&cproduct=he&cchannel=content&csource=cnn&cmethod=heform&ccreative=cashoutoptions_housemoneystack&placement_name=sectionfronts&ad_headline=cashoutoptions&ad_image_name=housemoneystack&ctype=sectionfronts&bdst=revshare&mtaid=AC53E&esourceid=6348616,,"Sorry, you have been blocked",sorri block,"This website is using a security service to protect itself from online attacks. The action you just performed triggered the security solution. There are several actions that could trigger this block including submitting a certain word or phrase, a SQL command or malformed data.",website us securiti service protect online attack action just perform trigger securiti solution several action trigger block includ submit certain word phrase sql command malform data
CNN,http://www.cnn.com/2016/11/18/tech/how-to-spot-fake-misleading-news-trnd/index.html?eref=rss_tech,2016-11-18 10:34:20,Here’s how to outsmart fake news in your Facebook feed,here’ outsmart fake new facebook feed,"Just because it’s on the internet doesn’t make it true . It seems so simple, but if everyone knew that, Facebook and Google wouldn’t have to pull bogus news sites from their advertising algorithms and people wouldn’t breathlessly share stories that claim Donald Trump is a secret lizard person or Hillary Clinton is an android in a pantsuit.",just it’ internet doesn’t make true seem simple everyone knew facebook google wouldn’t pull bogu new site advertis algorithm people wouldn’t breathlessli share stori claim donald trump secret lizard person hillari clinton android pantsuit
CNN,http://www.cnn.com/2016/11/18/luxury/grand-prix-horlogerie-oscars-of-watches-2016/index.html?eref=rss_tech,2016-11-21 00:17:31,Winners of the ‘Oscars of watchmaking’ revealed,winner ‘oscar watchmaking’ reveal,"The winners of this year’s “Oscars of watchmaking” have been chosen, with a wide range of time pieces recognized for their engineering perfection and eye-catching design.",winner year’ “oscar watchmaking” chosen wide range time piece recognize engineer perfection eyecatch design
CNN,http://www.cnn.com/2016/11/18/motorsport/roborace-marrakech-cop22-formula-e/index.html?eref=rss_tech,2016-11-18 04:38:48,Driverless ‘Roborace’ car makes street track debut in Marrakech,driverless ‘roborace’ car make street track debut marrakech,"Driverless electric racer completes successful track test in Marrakech, Morocco",driverless electric racer complete successful track test marrakech morocco
CNN,http://www.cnn.com/2016/11/18/aviation/sports-car-with-wings-icon-a5/index.html?eref=rss_tech,2016-11-18 06:32:23,Flying a sports car with wings,fly sport car wing,"Nevertheless, as we swoop over Florida’s Tampa Bay on a gorgeous November morning, I enthusiastically take over the controls of the ICON A5, a two-seater amphibious plane that looks like a sports car, maneuvers like a jet ski and is so intuitive, the company says that even a novice can learn to fly it in less than 30 hours.",nevertheless swoop florida’ tampa bai gorgeou november morn enthusiasticalli take control icon twoseater amphibiou plane look like sport car maneuver like jet ski intuitive compani sai even novice can learn fly less hour
CNN,http://www.cnn.com/2016/11/14/world/gallery/supermoon-november-2016/index.html?eref=rss_tech,2016-11-14 16:58:04,Brightest supermoon since 1948,brightest supermoon since,© 2026 Cable News Network. A Warner Bros. Discovery Company. All Rights Reserved. CNN Sans ™ & © 2016 Cable News Network.,© cable new network warner bro discoveri compani right reserv cnn san ™ © cable new network
CNN,http://www.cnn.com/2016/11/07/politics/nasa-astronaut-space-vote-election-2016/index.html?eref=rss_tech,2016-11-07 16:49:52,This NASA astronaut voted from space,nasa astronaut vot space,"Shane Kimbrough, a NASA astronaut currently living on board the International Space Station, filed his ballot in Tuesday’s presidential election, according to a Tumblr post by NASA .",shane kimbrough nasa astronaut currentli liv board international space station fil ballot tuesday’ presidential election accord tumblr post nasa
CNN,http://www.cnn.com/2016/11/15/tech/girls-design-africa-space-satellite/index.html?eref=rss_tech,2017-03-16 14:12:36,Teenage girls to launch Africa’s first private space satellite,teenage girl launch africa’ first private space satellite,"They may be teenagers, but 17-year-old Brittany Bull and 16-year-old Sesam Mngqengqiswa have grand ambitions – to launch Africa’s first private satellite into space in 2019.",mai teenager yearold brittani bull yearold sesam mngqengqiswa grand ambition – launch africa’ first private satellite space
CNN,http://www.cnn.com/2016/10/26/health/astronaut-back-pain-spine-health-space/index.html?eref=rss_tech,2016-10-26 12:09:02,Going to space is a real pain in the back,go space real pain back,Astronauts can temporarily gain 2 inches in height but suffer muscle loss and back pain,astronaut can temporarili gain inche height suffer muscle loss back pain
CNN,http://www.cnn.com/2016/10/29/europe/russia-nuclear-drills/index.html?eref=rss_tech,2016-10-29 11:06:53,Russian gamers race to prevent nuclear ‘war’,russian gamer race prevent nuclear ‘war’,Latest craze in Moscow is war game in which players race to find nuclear codes,latest craze moscow war game player race find nuclear code
CNN,http://www.cnn.com/2016/11/14/health/virtual-reality-gear-kids-holidays/index.html?eref=rss_tech,2016-11-14 03:59:48,What parents should know about the VR gear kids want,parent know vr gear kid want,Virtual reality headsets range from inexpensive Cardboard to pricey PlayStation,virtual realiti headset range inexpensive cardboard pricei playstation
CNN,http://www.cnn.com/2016/11/09/asia/on-japan---wearable-tech/index.html?eref=rss_tech,2016-11-10 04:31:41,Want to read your dog’s mind? Japan’s boom in weird wearable tech,want read dog’ mind japan’ boom weird wearable tech,"Japan's innovative wearable devices includes Archelis , a ""standing"" chair designed for surgeons.",japan innovative wearable device include archeli stand chair design surgeon
CNN,http://www.cnn.com/2016/10/31/health/kids-sleep-screens-tech/index.html?eref=rss_tech,2016-11-01 08:07:06,Cell phones and screens are keeping your kid awake,cell phone screen keep kid awake,"Devices in the bedroom are associated with children losing sleep time and quality, new research says",device bedroom associate children los sleep time qualiti new research sai
